item,user,rating
48044,l8iD-yrO-QvVdeKcGGHAyhlUwHaJIbjF,1
3047,l8iD-yrO-QvVdeKcGGHAyhlUwHaJIbjF,1
43025,l8iD-yrO-QvVdeKcGGHAyhlUwHaJIbjF,1
7046,l8iD-yrO-QvVdeKcGGHAyhlUwHaJIbjF,1
36008,l8iD-yrO-QvVdeKcGGHAyhlUwHaJIbjF,1
17121,l8iD-yrO-QvVdeKcGGHAyhlUwHaJIbjF,1
46235,l8iD-yrO-QvVdeKcGGHAyhlUwHaJIbjF,1
3099,l8iD-yrO-QvVdeKcGGHAyhlUwHaJIbjF,1
3031,l8iD-yrO-QvVdeKcGGHAyhlUwHaJIbjF,1
11016,l8iD-yrO-QvVdeKcGGHAyhlUwHaJIbjF,1
33070,l8iD-yrO-QvVdeKcGGHAyhlUwHaJIbjF,1
43133,l8iD-yrO-QvVdeKcGGHAyhlUwHaJIbjF,1
17032,l8iD-yrO-QvVdeKcGGHAyhlUwHaJIbjF,1
3012,l8iD-yrO-QvVdeKcGGHAyhlUwHaJIbjF,1
46008,l8iD-yrO-QvVdeKcGGHAyhlUwHaJIbjF,1
43153,l8iD-yrO-QvVdeKcGGHAyhlUwHaJIbjF,1
11007,l8iD-yrO-QvVdeKcGGHAyhlUwHaJIbjF,1
17153,l8iD-yrO-QvVdeKcGGHAyhlUwHaJIbjF,1
41091,l8iD-yrO-QvVdeKcGGHAyhlUwHaJIbjF,1
46193,l8iD-yrO-QvVdeKcGGHAyhlUwHaJIbjF,1
43052,l8iD-yrO-QvVdeKcGGHAyhlUwHaJIbjF,1
46078,l8iD-yrO-QvVdeKcGGHAyhlUwHaJIbjF,1
41034,l8iD-yrO-QvVdeKcGGHAyhlUwHaJIbjF,1
46222,l8iD-yrO-QvVdeKcGGHAyhlUwHaJIbjF,1
41079,l8iD-yrO-QvVdeKcGGHAyhlUwHaJIbjF,1
17129,l8iD-yrO-QvVdeKcGGHAyhlUwHaJIbjF,1
18916,l8iD-yrO-QvVdeKcGGHAyhlUwHaJIbjF,1
17048,l8iD-yrO-QvVdeKcGGHAyhlUwHaJIbjF,1
11029,l8iD-yrO-QvVdeKcGGHAyhlUwHaJIbjF,1
41049,l8iD-yrO-QvVdeKcGGHAyhlUwHaJIbjF,1
46098,l8iD-yrO-QvVdeKcGGHAyhlUwHaJIbjF,1
36004,l8iD-yrO-QvVdeKcGGHAyhlUwHaJIbjF,1
36051,l8iD-yrO-QvVdeKcGGHAyhlUwHaJIbjF,1
48041,l8iD-yrO-QvVdeKcGGHAyhlUwHaJIbjF,1
43149,l8iD-yrO-QvVdeKcGGHAyhlUwHaJIbjF,1
17202,l8iD-yrO-QvVdeKcGGHAyhlUwHaJIbjF,1
36046,l8iD-yrO-QvVdeKcGGHAyhlUwHaJIbjF,1
48077,l8iD-yrO-QvVdeKcGGHAyhlUwHaJIbjF,1
20029,l8iD-yrO-QvVdeKcGGHAyhlUwHaJIbjF,1
17203,l8iD-yrO-QvVdeKcGGHAyhlUwHaJIbjF,1
46015,l8iD-yrO-QvVdeKcGGHAyhlUwHaJIbjF,1
12135,l8iD-yrO-QvVdeKcGGHAyhlUwHaJIbjF,1
17197,l8iD-yrO-QvVdeKcGGHAyhlUwHaJIbjF,1
43901,l8iD-yrO-QvVdeKcGGHAyhlUwHaJIbjF,1
41023,l8iD-yrO-QvVdeKcGGHAyhlUwHaJIbjF,1
48028,l8iD-yrO-QvVdeKcGGHAyhlUwHaJIbjF,1
46250,l8iD-yrO-QvVdeKcGGHAyhlUwHaJIbjF,1
11903,l8iD-yrO-QvVdeKcGGHAyhlUwHaJIbjF,1
46125,l8iD-yrO-QvVdeKcGGHAyhlUwHaJIbjF,1
46065,l8iD-yrO-QvVdeKcGGHAyhlUwHaJIbjF,1
46904,l8iD-yrO-QvVdeKcGGHAyhlUwHaJIbjF,1
46171,l8iD-yrO-QvVdeKcGGHAyhlUwHaJIbjF,1
27051,l8iD-yrO-QvVdeKcGGHAyhlUwHaJIbjF,1
39005,l8iD-yrO-QvVdeKcGGHAyhlUwHaJIbjF,1
29051,l8iD-yrO-QvVdeKcGGHAyhlUwHaJIbjF,1
39085,l8iD-yrO-QvVdeKcGGHAyhlUwHaJIbjF,1
46009,l8iD-yrO-QvVdeKcGGHAyhlUwHaJIbjF,1
17070,l8iD-yrO-QvVdeKcGGHAyhlUwHaJIbjF,1
11014,l8iD-yrO-QvVdeKcGGHAyhlUwHaJIbjF,1
15048,l8iD-yrO-QvVdeKcGGHAyhlUwHaJIbjF,1
46048,l8iD-yrO-QvVdeKcGGHAyhlUwHaJIbjF,1
46183,l8iD-yrO-QvVdeKcGGHAyhlUwHaJIbjF,1
17067,l8iD-yrO-QvVdeKcGGHAyhlUwHaJIbjF,1
12011,l8iD-yrO-QvVdeKcGGHAyhlUwHaJIbjF,1
46064,l8iD-yrO-QvVdeKcGGHAyhlUwHaJIbjF,1
46169,l8iD-yrO-QvVdeKcGGHAyhlUwHaJIbjF,1
8194,l8iD-yrO-QvVdeKcGGHAyhlUwHaJIbjF,1
15054,l8iD-yrO-QvVdeKcGGHAyhlUwHaJIbjF,1
46230,l8iD-yrO-QvVdeKcGGHAyhlUwHaJIbjF,1
17124,l8iD-yrO-QvVdeKcGGHAyhlUwHaJIbjF,1
8006,l8iD-yrO-QvVdeKcGGHAyhlUwHaJIbjF,1
11027,l8iD-yrO-QvVdeKcGGHAyhlUwHaJIbjF,1
3049,l8iD-yrO-QvVdeKcGGHAyhlUwHaJIbjF,1
33004,l8iD-yrO-QvVdeKcGGHAyhlUwHaJIbjF,1
15053,l8iD-yrO-QvVdeKcGGHAyhlUwHaJIbjF,1
17209,l8iD-yrO-QvVdeKcGGHAyhlUwHaJIbjF,1
17077,l8iD-yrO-QvVdeKcGGHAyhlUwHaJIbjF,1
3062,l8iD-yrO-QvVdeKcGGHAyhlUwHaJIbjF,1
11004,l8iD-yrO-QvVdeKcGGHAyhlUwHaJIbjF,1
46082,l8iD-yrO-QvVdeKcGGHAyhlUwHaJIbjF,1
30037,l8iD-yrO-QvVdeKcGGHAyhlUwHaJIbjF,1
3902,l8iD-yrO-QvVdeKcGGHAyhlUwHaJIbjF,1
15022,l8iD-yrO-QvVdeKcGGHAyhlUwHaJIbjF,1
8032,l8iD-yrO-QvVdeKcGGHAyhlUwHaJIbjF,1
3109,l8iD-yrO-QvVdeKcGGHAyhlUwHaJIbjF,1
17081,l8iD-yrO-QvVdeKcGGHAyhlUwHaJIbjF,1
46186,l8iD-yrO-QvVdeKcGGHAyhlUwHaJIbjF,1
3111,l8iD-yrO-QvVdeKcGGHAyhlUwHaJIbjF,1
41053,l8iD-yrO-QvVdeKcGGHAyhlUwHaJIbjF,1
36060,l8iD-yrO-QvVdeKcGGHAyhlUwHaJIbjF,1
8019,l8iD-yrO-QvVdeKcGGHAyhlUwHaJIbjF,1
11012,l8iD-yrO-QvVdeKcGGHAyhlUwHaJIbjF,1
18173,l8iD-yrO-QvVdeKcGGHAyhlUwHaJIbjF,1
3138,l8iD-yrO-QvVdeKcGGHAyhlUwHaJIbjF,1
3001,l8iD-yrO-QvVdeKcGGHAyhlUwHaJIbjF,1
43037,l8iD-yrO-QvVdeKcGGHAyhlUwHaJIbjF,1
46013,l8iD-yrO-QvVdeKcGGHAyhlUwHaJIbjF,1
27066,l8iD-yrO-QvVdeKcGGHAyhlUwHaJIbjF,1
43006,l8iD-yrO-QvVdeKcGGHAyhlUwHaJIbjF,1
39016,l8iD-yrO-QvVdeKcGGHAyhlUwHaJIbjF,1
24052,l8iD-yrO-QvVdeKcGGHAyhlUwHaJIbjF,0
18907,l8iD-yrO-QvVdeKcGGHAyhlUwHaJIbjF,0
42050,l8iD-yrO-QvVdeKcGGHAyhlUwHaJIbjF,0
5062,l8iD-yrO-QvVdeKcGGHAyhlUwHaJIbjF,0
25032,l8iD-yrO-QvVdeKcGGHAyhlUwHaJIbjF,0
5211,l8iD-yrO-QvVdeKcGGHAyhlUwHaJIbjF,0
18904,l8iD-yrO-QvVdeKcGGHAyhlUwHaJIbjF,0
5194,l8iD-yrO-QvVdeKcGGHAyhlUwHaJIbjF,0
24118,l8iD-yrO-QvVdeKcGGHAyhlUwHaJIbjF,0
42123,l8iD-yrO-QvVdeKcGGHAyhlUwHaJIbjF,0
16070,l8iD-yrO-QvVdeKcGGHAyhlUwHaJIbjF,0
42178,l8iD-yrO-QvVdeKcGGHAyhlUwHaJIbjF,0
40111,l8iD-yrO-QvVdeKcGGHAyhlUwHaJIbjF,0
42098,l8iD-yrO-QvVdeKcGGHAyhlUwHaJIbjF,0
40215,l8iD-yrO-QvVdeKcGGHAyhlUwHaJIbjF,0
40024,l8iD-yrO-QvVdeKcGGHAyhlUwHaJIbjF,0
44106,l8iD-yrO-QvVdeKcGGHAyhlUwHaJIbjF,0
37211,l8iD-yrO-QvVdeKcGGHAyhlUwHaJIbjF,0
37282,l8iD-yrO-QvVdeKcGGHAyhlUwHaJIbjF,0
9022,l8iD-yrO-QvVdeKcGGHAyhlUwHaJIbjF,0
4082,l8iD-yrO-QvVdeKcGGHAyhlUwHaJIbjF,0
42041,l8iD-yrO-QvVdeKcGGHAyhlUwHaJIbjF,0
44121,l8iD-yrO-QvVdeKcGGHAyhlUwHaJIbjF,0
28135,l8iD-yrO-QvVdeKcGGHAyhlUwHaJIbjF,0
31004,l8iD-yrO-QvVdeKcGGHAyhlUwHaJIbjF,0
34073,l8iD-yrO-QvVdeKcGGHAyhlUwHaJIbjF,0
19191,l8iD-yrO-QvVdeKcGGHAyhlUwHaJIbjF,0
9029,l8iD-yrO-QvVdeKcGGHAyhlUwHaJIbjF,0
34124,l8iD-yrO-QvVdeKcGGHAyhlUwHaJIbjF,0
42086,l8iD-yrO-QvVdeKcGGHAyhlUwHaJIbjF,0
17037,l8iD-yrO-QvVdeKcGGHAyhlUwHaJIbjF,0
9021,l8iD-yrO-QvVdeKcGGHAyhlUwHaJIbjF,0
37291,l8iD-yrO-QvVdeKcGGHAyhlUwHaJIbjF,0
12020,l8iD-yrO-QvVdeKcGGHAyhlUwHaJIbjF,0
5108,l8iD-yrO-QvVdeKcGGHAyhlUwHaJIbjF,0
18069,l8iD-yrO-QvVdeKcGGHAyhlUwHaJIbjF,0
49017,l8iD-yrO-QvVdeKcGGHAyhlUwHaJIbjF,0
50149,l8iD-yrO-QvVdeKcGGHAyhlUwHaJIbjF,0
44250,l8iD-yrO-QvVdeKcGGHAyhlUwHaJIbjF,0
24037,l8iD-yrO-QvVdeKcGGHAyhlUwHaJIbjF,0
16089,l8iD-yrO-QvVdeKcGGHAyhlUwHaJIbjF,0
9191,l8iD-yrO-QvVdeKcGGHAyhlUwHaJIbjF,0
19019,l8iD-yrO-QvVdeKcGGHAyhlUwHaJIbjF,0
25179,l8iD-yrO-QvVdeKcGGHAyhlUwHaJIbjF,0
9314,l8iD-yrO-QvVdeKcGGHAyhlUwHaJIbjF,0
40076,l8iD-yrO-QvVdeKcGGHAyhlUwHaJIbjF,0
44251,l8iD-yrO-QvVdeKcGGHAyhlUwHaJIbjF,0
8045,l8iD-yrO-QvVdeKcGGHAyhlUwHaJIbjF,0
40213,l8iD-yrO-QvVdeKcGGHAyhlUwHaJIbjF,0
19203,l8iD-yrO-QvVdeKcGGHAyhlUwHaJIbjF,0
5086,l8iD-yrO-QvVdeKcGGHAyhlUwHaJIbjF,0
19221,l8iD-yrO-QvVdeKcGGHAyhlUwHaJIbjF,0
5196,l8iD-yrO-QvVdeKcGGHAyhlUwHaJIbjF,0
42021,l8iD-yrO-QvVdeKcGGHAyhlUwHaJIbjF,0
44002,l8iD-yrO-QvVdeKcGGHAyhlUwHaJIbjF,0
5067,l8iD-yrO-QvVdeKcGGHAyhlUwHaJIbjF,0
40212,l8iD-yrO-QvVdeKcGGHAyhlUwHaJIbjF,0
9200,l8iD-yrO-QvVdeKcGGHAyhlUwHaJIbjF,0
10091,l8iD-yrO-QvVdeKcGGHAyhlUwHaJIbjF,0
34056,l8iD-yrO-QvVdeKcGGHAyhlUwHaJIbjF,0
24120,l8iD-yrO-QvVdeKcGGHAyhlUwHaJIbjF,0
9166,l8iD-yrO-QvVdeKcGGHAyhlUwHaJIbjF,0
37315,l8iD-yrO-QvVdeKcGGHAyhlUwHaJIbjF,0
19097,l8iD-yrO-QvVdeKcGGHAyhlUwHaJIbjF,0
16191,l8iD-yrO-QvVdeKcGGHAyhlUwHaJIbjF,0
24083,l8iD-yrO-QvVdeKcGGHAyhlUwHaJIbjF,0
40034,l8iD-yrO-QvVdeKcGGHAyhlUwHaJIbjF,0
25098,l8iD-yrO-QvVdeKcGGHAyhlUwHaJIbjF,0
19241,l8iD-yrO-QvVdeKcGGHAyhlUwHaJIbjF,0
40162,l8iD-yrO-QvVdeKcGGHAyhlUwHaJIbjF,0
18161,l8iD-yrO-QvVdeKcGGHAyhlUwHaJIbjF,0
10078,l8iD-yrO-QvVdeKcGGHAyhlUwHaJIbjF,0
9266,l8iD-yrO-QvVdeKcGGHAyhlUwHaJIbjF,0
19165,l8iD-yrO-QvVdeKcGGHAyhlUwHaJIbjF,0
40099,l8iD-yrO-QvVdeKcGGHAyhlUwHaJIbjF,0
5106,l8iD-yrO-QvVdeKcGGHAyhlUwHaJIbjF,0
9119,l8iD-yrO-QvVdeKcGGHAyhlUwHaJIbjF,0
22157,l8iD-yrO-QvVdeKcGGHAyhlUwHaJIbjF,0
28901,l8iD-yrO-QvVdeKcGGHAyhlUwHaJIbjF,0
5188,l8iD-yrO-QvVdeKcGGHAyhlUwHaJIbjF,0
40049,l8iD-yrO-QvVdeKcGGHAyhlUwHaJIbjF,0
26153,l8iD-yrO-QvVdeKcGGHAyhlUwHaJIbjF,0
40906,l8iD-yrO-QvVdeKcGGHAyhlUwHaJIbjF,0
37259,l8iD-yrO-QvVdeKcGGHAyhlUwHaJIbjF,0
37089,l8iD-yrO-QvVdeKcGGHAyhlUwHaJIbjF,0
40088,l8iD-yrO-QvVdeKcGGHAyhlUwHaJIbjF,0
44041,l8iD-yrO-QvVdeKcGGHAyhlUwHaJIbjF,0
42218,l8iD-yrO-QvVdeKcGGHAyhlUwHaJIbjF,0
28056,l8iD-yrO-QvVdeKcGGHAyhlUwHaJIbjF,0
37156,l8iD-yrO-QvVdeKcGGHAyhlUwHaJIbjF,0
19060,l8iD-yrO-QvVdeKcGGHAyhlUwHaJIbjF,0
44200,l8iD-yrO-QvVdeKcGGHAyhlUwHaJIbjF,0
19249,l8iD-yrO-QvVdeKcGGHAyhlUwHaJIbjF,0
9326,l8iD-yrO-QvVdeKcGGHAyhlUwHaJIbjF,0
19034,l8iD-yrO-QvVdeKcGGHAyhlUwHaJIbjF,0
5229,l8iD-yrO-QvVdeKcGGHAyhlUwHaJIbjF,0
50091,l8iD-yrO-QvVdeKcGGHAyhlUwHaJIbjF,0
5260,l8iD-yrO-QvVdeKcGGHAyhlUwHaJIbjF,0
19091,l8iD-yrO-QvVdeKcGGHAyhlUwHaJIbjF,0
26035,l8iD-yrO-QvVdeKcGGHAyhlUwHaJIbjF,0
43037,wlfQ-EST-H0orpC5MmBKxBybR7U49lXh,0
3064,wlfQ-EST-H0orpC5MmBKxBybR7U49lXh,0
15048,wlfQ-EST-H0orpC5MmBKxBybR7U49lXh,0
46165,wlfQ-EST-H0orpC5MmBKxBybR7U49lXh,0
33063,wlfQ-EST-H0orpC5MmBKxBybR7U49lXh,0
46205,wlfQ-EST-H0orpC5MmBKxBybR7U49lXh,0
43171,wlfQ-EST-H0orpC5MmBKxBybR7U49lXh,0
4003,wlfQ-EST-H0orpC5MmBKxBybR7U49lXh,0
46063,wlfQ-EST-H0orpC5MmBKxBybR7U49lXh,0
8056,wlfQ-EST-H0orpC5MmBKxBybR7U49lXh,0
8040,wlfQ-EST-H0orpC5MmBKxBybR7U49lXh,0
46007,wlfQ-EST-H0orpC5MmBKxBybR7U49lXh,0
46143,wlfQ-EST-H0orpC5MmBKxBybR7U49lXh,0
48913,wlfQ-EST-H0orpC5MmBKxBybR7U49lXh,0
17005,wlfQ-EST-H0orpC5MmBKxBybR7U49lXh,0
46083,wlfQ-EST-H0orpC5MmBKxBybR7U49lXh,0
20902,wlfQ-EST-H0orpC5MmBKxBybR7U49lXh,0
3901,wlfQ-EST-H0orpC5MmBKxBybR7U49lXh,0
41034,wlfQ-EST-H0orpC5MmBKxBybR7U49lXh,0
7014,wlfQ-EST-H0orpC5MmBKxBybR7U49lXh,0
46216,wlfQ-EST-H0orpC5MmBKxBybR7U49lXh,0
21060,wlfQ-EST-H0orpC5MmBKxBybR7U49lXh,0
8006,wlfQ-EST-H0orpC5MmBKxBybR7U49lXh,0
41095,wlfQ-EST-H0orpC5MmBKxBybR7U49lXh,0
8169,wlfQ-EST-H0orpC5MmBKxBybR7U49lXh,0
38015,wlfQ-EST-H0orpC5MmBKxBybR7U49lXh,0
20901,wlfQ-EST-H0orpC5MmBKxBybR7U49lXh,0
21041,wlfQ-EST-H0orpC5MmBKxBybR7U49lXh,0
17225,wlfQ-EST-H0orpC5MmBKxBybR7U49lXh,0
46227,wlfQ-EST-H0orpC5MmBKxBybR7U49lXh,0
11015,wlfQ-EST-H0orpC5MmBKxBybR7U49lXh,0
17081,wlfQ-EST-H0orpC5MmBKxBybR7U49lXh,0
41091,wlfQ-EST-H0orpC5MmBKxBybR7U49lXh,0
46125,wlfQ-EST-H0orpC5MmBKxBybR7U49lXh,0
46904,wlfQ-EST-H0orpC5MmBKxBybR7U49lXh,0
11035,wlfQ-EST-H0orpC5MmBKxBybR7U49lXh,0
41904,wlfQ-EST-H0orpC5MmBKxBybR7U49lXh,0
46022,wlfQ-EST-H0orpC5MmBKxBybR7U49lXh,0
27066,wlfQ-EST-H0orpC5MmBKxBybR7U49lXh,0
36060,wlfQ-EST-H0orpC5MmBKxBybR7U49lXh,0
27051,wlfQ-EST-H0orpC5MmBKxBybR7U49lXh,0
15037,wlfQ-EST-H0orpC5MmBKxBybR7U49lXh,0
33014,wlfQ-EST-H0orpC5MmBKxBybR7U49lXh,0
8284,wlfQ-EST-H0orpC5MmBKxBybR7U49lXh,0
30016,wlfQ-EST-H0orpC5MmBKxBybR7U49lXh,0
46052,wlfQ-EST-H0orpC5MmBKxBybR7U49lXh,0
46197,wlfQ-EST-H0orpC5MmBKxBybR7U49lXh,0
39009,wlfQ-EST-H0orpC5MmBKxBybR7U49lXh,0
21021,wlfQ-EST-H0orpC5MmBKxBybR7U49lXh,0
33074,wlfQ-EST-H0orpC5MmBKxBybR7U49lXh,0
36027,wlfQ-EST-H0orpC5MmBKxBybR7U49lXh,0
15028,wlfQ-EST-H0orpC5MmBKxBybR7U49lXh,0
20045,wlfQ-EST-H0orpC5MmBKxBybR7U49lXh,0
43136,wlfQ-EST-H0orpC5MmBKxBybR7U49lXh,0
36038,wlfQ-EST-H0orpC5MmBKxBybR7U49lXh,0
46055,wlfQ-EST-H0orpC5MmBKxBybR7U49lXh,0
46140,wlfQ-EST-H0orpC5MmBKxBybR7U49lXh,0
15009,wlfQ-EST-H0orpC5MmBKxBybR7U49lXh,0
46060,wlfQ-EST-H0orpC5MmBKxBybR7U49lXh,0
17025,wlfQ-EST-H0orpC5MmBKxBybR7U49lXh,0
12053,wlfQ-EST-H0orpC5MmBKxBybR7U49lXh,0
3095,wlfQ-EST-H0orpC5MmBKxBybR7U49lXh,0
7040,wlfQ-EST-H0orpC5MmBKxBybR7U49lXh,0
17066,wlfQ-EST-H0orpC5MmBKxBybR7U49lXh,0
7026,wlfQ-EST-H0orpC5MmBKxBybR7U49lXh,0
8073,wlfQ-EST-H0orpC5MmBKxBybR7U49lXh,0
11027,wlfQ-EST-H0orpC5MmBKxBybR7U49lXh,0
36006,wlfQ-EST-H0orpC5MmBKxBybR7U49lXh,0
48077,wlfQ-EST-H0orpC5MmBKxBybR7U49lXh,0
8110,wlfQ-EST-H0orpC5MmBKxBybR7U49lXh,0
41055,wlfQ-EST-H0orpC5MmBKxBybR7U49lXh,0
17191,wlfQ-EST-H0orpC5MmBKxBybR7U49lXh,0
46160,wlfQ-EST-H0orpC5MmBKxBybR7U49lXh,0
12032,wlfQ-EST-H0orpC5MmBKxBybR7U49lXh,0
41097,wlfQ-EST-H0orpC5MmBKxBybR7U49lXh,0
48068,wlfQ-EST-H0orpC5MmBKxBybR7U49lXh,0
3062,wlfQ-EST-H0orpC5MmBKxBybR7U49lXh,0
39087,wlfQ-EST-H0orpC5MmBKxBybR7U49lXh,0
8123,wlfQ-EST-H0orpC5MmBKxBybR7U49lXh,0
43126,wlfQ-EST-H0orpC5MmBKxBybR7U49lXh,0
48015,wlfQ-EST-H0orpC5MmBKxBybR7U49lXh,0
39047,wlfQ-EST-H0orpC5MmBKxBybR7U49lXh,0
17004,wlfQ-EST-H0orpC5MmBKxBybR7U49lXh,0
8082,wlfQ-EST-H0orpC5MmBKxBybR7U49lXh,0
27902,wlfQ-EST-H0orpC5MmBKxBybR7U49lXh,0
3005,wlfQ-EST-H0orpC5MmBKxBybR7U49lXh,0
20069,wlfQ-EST-H0orpC5MmBKxBybR7U49lXh,0
12136,wlfQ-EST-H0orpC5MmBKxBybR7U49lXh,0
46223,wlfQ-EST-H0orpC5MmBKxBybR7U49lXh,0
15065,wlfQ-EST-H0orpC5MmBKxBybR7U49lXh,0
3063,wlfQ-EST-H0orpC5MmBKxBybR7U49lXh,0
46260,wlfQ-EST-H0orpC5MmBKxBybR7U49lXh,0
39051,wlfQ-EST-H0orpC5MmBKxBybR7U49lXh,0
46100,wlfQ-EST-H0orpC5MmBKxBybR7U49lXh,0
43014,wlfQ-EST-H0orpC5MmBKxBybR7U49lXh,0
7024,wlfQ-EST-H0orpC5MmBKxBybR7U49lXh,0
7046,wlfQ-EST-H0orpC5MmBKxBybR7U49lXh,0
8089,wlfQ-EST-H0orpC5MmBKxBybR7U49lXh,0
8157,wlfQ-EST-H0orpC5MmBKxBybR7U49lXh,0
17209,wlfQ-EST-H0orpC5MmBKxBybR7U49lXh,0
40206,wlfQ-EST-H0orpC5MmBKxBybR7U49lXh,1
25247,wlfQ-EST-H0orpC5MmBKxBybR7U49lXh,1
50071,wlfQ-EST-H0orpC5MmBKxBybR7U49lXh,1
16211,wlfQ-EST-H0orpC5MmBKxBybR7U49lXh,1
24214,wlfQ-EST-H0orpC5MmBKxBybR7U49lXh,1
19198,wlfQ-EST-H0orpC5MmBKxBybR7U49lXh,1
40005,wlfQ-EST-H0orpC5MmBKxBybR7U49lXh,1
44097,wlfQ-EST-H0orpC5MmBKxBybR7U49lXh,1
25025,wlfQ-EST-H0orpC5MmBKxBybR7U49lXh,1
19302,wlfQ-EST-H0orpC5MmBKxBybR7U49lXh,1
44174,wlfQ-EST-H0orpC5MmBKxBybR7U49lXh,1
5194,wlfQ-EST-H0orpC5MmBKxBybR7U49lXh,1
4027,wlfQ-EST-H0orpC5MmBKxBybR7U49lXh,1
19067,wlfQ-EST-H0orpC5MmBKxBybR7U49lXh,1
9169,wlfQ-EST-H0orpC5MmBKxBybR7U49lXh,1
9226,wlfQ-EST-H0orpC5MmBKxBybR7U49lXh,1
25196,wlfQ-EST-H0orpC5MmBKxBybR7U49lXh,1
17192,wlfQ-EST-H0orpC5MmBKxBybR7U49lXh,1
50047,wlfQ-EST-H0orpC5MmBKxBybR7U49lXh,1
44262,wlfQ-EST-H0orpC5MmBKxBybR7U49lXh,1
16109,wlfQ-EST-H0orpC5MmBKxBybR7U49lXh,1
37189,wlfQ-EST-H0orpC5MmBKxBybR7U49lXh,1
40194,wlfQ-EST-H0orpC5MmBKxBybR7U49lXh,1
42038,wlfQ-EST-H0orpC5MmBKxBybR7U49lXh,1
24098,wlfQ-EST-H0orpC5MmBKxBybR7U49lXh,1
24130,wlfQ-EST-H0orpC5MmBKxBybR7U49lXh,1
5176,wlfQ-EST-H0orpC5MmBKxBybR7U49lXh,1
40216,wlfQ-EST-H0orpC5MmBKxBybR7U49lXh,1
9175,wlfQ-EST-H0orpC5MmBKxBybR7U49lXh,1
12115,wlfQ-EST-H0orpC5MmBKxBybR7U49lXh,1
42098,wlfQ-EST-H0orpC5MmBKxBybR7U49lXh,1
17201,wlfQ-EST-H0orpC5MmBKxBybR7U49lXh,1
9127,wlfQ-EST-H0orpC5MmBKxBybR7U49lXh,1
19249,wlfQ-EST-H0orpC5MmBKxBybR7U49lXh,1
44005,wlfQ-EST-H0orpC5MmBKxBybR7U49lXh,1
40033,wlfQ-EST-H0orpC5MmBKxBybR7U49lXh,1
28064,wlfQ-EST-H0orpC5MmBKxBybR7U49lXh,1
19262,wlfQ-EST-H0orpC5MmBKxBybR7U49lXh,1
44012,wlfQ-EST-H0orpC5MmBKxBybR7U49lXh,1
9345,wlfQ-EST-H0orpC5MmBKxBybR7U49lXh,1
23044,wlfQ-EST-H0orpC5MmBKxBybR7U49lXh,1
42207,wlfQ-EST-H0orpC5MmBKxBybR7U49lXh,1
44196,wlfQ-EST-H0orpC5MmBKxBybR7U49lXh,1
9038,wlfQ-EST-H0orpC5MmBKxBybR7U49lXh,1
18141,wlfQ-EST-H0orpC5MmBKxBybR7U49lXh,1
19219,wlfQ-EST-H0orpC5MmBKxBybR7U49lXh,1
18119,wlfQ-EST-H0orpC5MmBKxBybR7U49lXh,1
24121,wlfQ-EST-H0orpC5MmBKxBybR7U49lXh,1
35019,wlfQ-EST-H0orpC5MmBKxBybR7U49lXh,1
40220,wlfQ-EST-H0orpC5MmBKxBybR7U49lXh,1
5169,wlfQ-EST-H0orpC5MmBKxBybR7U49lXh,1
19329,wlfQ-EST-H0orpC5MmBKxBybR7U49lXh,1
19202,wlfQ-EST-H0orpC5MmBKxBybR7U49lXh,1
39032,wlfQ-EST-H0orpC5MmBKxBybR7U49lXh,1
5116,wlfQ-EST-H0orpC5MmBKxBybR7U49lXh,1
18018,wlfQ-EST-H0orpC5MmBKxBybR7U49lXh,1
44240,wlfQ-EST-H0orpC5MmBKxBybR7U49lXh,1
42089,wlfQ-EST-H0orpC5MmBKxBybR7U49lXh,1
9901,wlfQ-EST-H0orpC5MmBKxBybR7U49lXh,1
16074,wlfQ-EST-H0orpC5MmBKxBybR7U49lXh,1
44117,wlfQ-EST-H0orpC5MmBKxBybR7U49lXh,1
5059,wlfQ-EST-H0orpC5MmBKxBybR7U49lXh,1
19222,wlfQ-EST-H0orpC5MmBKxBybR7U49lXh,1
37045,wlfQ-EST-H0orpC5MmBKxBybR7U49lXh,1
22054,wlfQ-EST-H0orpC5MmBKxBybR7U49lXh,1
42166,wlfQ-EST-H0orpC5MmBKxBybR7U49lXh,1
34158,wlfQ-EST-H0orpC5MmBKxBybR7U49lXh,1
42128,wlfQ-EST-H0orpC5MmBKxBybR7U49lXh,1
42013,wlfQ-EST-H0orpC5MmBKxBybR7U49lXh,1
42096,wlfQ-EST-H0orpC5MmBKxBybR7U49lXh,1
18909,wlfQ-EST-H0orpC5MmBKxBybR7U49lXh,1
42020,wlfQ-EST-H0orpC5MmBKxBybR7U49lXh,1
42178,wlfQ-EST-H0orpC5MmBKxBybR7U49lXh,1
9166,wlfQ-EST-H0orpC5MmBKxBybR7U49lXh,1
42008,wlfQ-EST-H0orpC5MmBKxBybR7U49lXh,1
37200,wlfQ-EST-H0orpC5MmBKxBybR7U49lXh,1
5245,wlfQ-EST-H0orpC5MmBKxBybR7U49lXh,1
42060,wlfQ-EST-H0orpC5MmBKxBybR7U49lXh,1
28028,wlfQ-EST-H0orpC5MmBKxBybR7U49lXh,1
37143,wlfQ-EST-H0orpC5MmBKxBybR7U49lXh,1
39096,wlfQ-EST-H0orpC5MmBKxBybR7U49lXh,1
25088,wlfQ-EST-H0orpC5MmBKxBybR7U49lXh,1
42029,wlfQ-EST-H0orpC5MmBKxBybR7U49lXh,1
28029,wlfQ-EST-H0orpC5MmBKxBybR7U49lXh,1
42070,wlfQ-EST-H0orpC5MmBKxBybR7U49lXh,1
9269,wlfQ-EST-H0orpC5MmBKxBybR7U49lXh,1
19333,wlfQ-EST-H0orpC5MmBKxBybR7U49lXh,1
5010,wlfQ-EST-H0orpC5MmBKxBybR7U49lXh,1
16110,wlfQ-EST-H0orpC5MmBKxBybR7U49lXh,1
24090,wlfQ-EST-H0orpC5MmBKxBybR7U49lXh,1
16085,wlfQ-EST-H0orpC5MmBKxBybR7U49lXh,1
22084,wlfQ-EST-H0orpC5MmBKxBybR7U49lXh,1
18117,wlfQ-EST-H0orpC5MmBKxBybR7U49lXh,1
19016,wlfQ-EST-H0orpC5MmBKxBybR7U49lXh,1
44144,wlfQ-EST-H0orpC5MmBKxBybR7U49lXh,1
19187,wlfQ-EST-H0orpC5MmBKxBybR7U49lXh,1
9154,wlfQ-EST-H0orpC5MmBKxBybR7U49lXh,1
25032,wlfQ-EST-H0orpC5MmBKxBybR7U49lXh,1
9200,wlfQ-EST-H0orpC5MmBKxBybR7U49lXh,1
24194,wlfQ-EST-H0orpC5MmBKxBybR7U49lXh,1
3038,0Qe2-eWz-YdzVbOCQwbUMLRJfuoRNmbn,1
33046,0Qe2-eWz-YdzVbOCQwbUMLRJfuoRNmbn,1
47189,0Qe2-eWz-YdzVbOCQwbUMLRJfuoRNmbn,1
31055,0Qe2-eWz-YdzVbOCQwbUMLRJfuoRNmbn,1
17024,0Qe2-eWz-YdzVbOCQwbUMLRJfuoRNmbn,1
9361,0Qe2-eWz-YdzVbOCQwbUMLRJfuoRNmbn,1
5142,0Qe2-eWz-YdzVbOCQwbUMLRJfuoRNmbn,1
47016,0Qe2-eWz-YdzVbOCQwbUMLRJfuoRNmbn,1
18114,0Qe2-eWz-YdzVbOCQwbUMLRJfuoRNmbn,1
19322,0Qe2-eWz-YdzVbOCQwbUMLRJfuoRNmbn,1
4014,0Qe2-eWz-YdzVbOCQwbUMLRJfuoRNmbn,1
26095,0Qe2-eWz-YdzVbOCQwbUMLRJfuoRNmbn,1
40172,0Qe2-eWz-YdzVbOCQwbUMLRJfuoRNmbn,1
8201,0Qe2-eWz-YdzVbOCQwbUMLRJfuoRNmbn,1
48062,0Qe2-eWz-YdzVbOCQwbUMLRJfuoRNmbn,1
17166,0Qe2-eWz-YdzVbOCQwbUMLRJfuoRNmbn,1
8129,0Qe2-eWz-YdzVbOCQwbUMLRJfuoRNmbn,1
37074,0Qe2-eWz-YdzVbOCQwbUMLRJfuoRNmbn,1
10059,0Qe2-eWz-YdzVbOCQwbUMLRJfuoRNmbn,1
44266,0Qe2-eWz-YdzVbOCQwbUMLRJfuoRNmbn,1
44032,0Qe2-eWz-YdzVbOCQwbUMLRJfuoRNmbn,1
32060,0Qe2-eWz-YdzVbOCQwbUMLRJfuoRNmbn,1
22006,0Qe2-eWz-YdzVbOCQwbUMLRJfuoRNmbn,1
50054,0Qe2-eWz-YdzVbOCQwbUMLRJfuoRNmbn,1
43117,0Qe2-eWz-YdzVbOCQwbUMLRJfuoRNmbn,1
47019,0Qe2-eWz-YdzVbOCQwbUMLRJfuoRNmbn,1
46119,0Qe2-eWz-YdzVbOCQwbUMLRJfuoRNmbn,1
3020,0Qe2-eWz-YdzVbOCQwbUMLRJfuoRNmbn,1
49152,0Qe2-eWz-YdzVbOCQwbUMLRJfuoRNmbn,1
22233,0Qe2-eWz-YdzVbOCQwbUMLRJfuoRNmbn,1
24102,0Qe2-eWz-YdzVbOCQwbUMLRJfuoRNmbn,1
49169,0Qe2-eWz-YdzVbOCQwbUMLRJfuoRNmbn,1
25233,0Qe2-eWz-YdzVbOCQwbUMLRJfuoRNmbn,1
22003,0Qe2-eWz-YdzVbOCQwbUMLRJfuoRNmbn,1
17158,0Qe2-eWz-YdzVbOCQwbUMLRJfuoRNmbn,1
10101,0Qe2-eWz-YdzVbOCQwbUMLRJfuoRNmbn,1
43143,0Qe2-eWz-YdzVbOCQwbUMLRJfuoRNmbn,1
39013,0Qe2-eWz-YdzVbOCQwbUMLRJfuoRNmbn,1
40154,0Qe2-eWz-YdzVbOCQwbUMLRJfuoRNmbn,1
49178,0Qe2-eWz-YdzVbOCQwbUMLRJfuoRNmbn,1
9221,0Qe2-eWz-YdzVbOCQwbUMLRJfuoRNmbn,1
46064,0Qe2-eWz-YdzVbOCQwbUMLRJfuoRNmbn,1
37004,0Qe2-eWz-YdzVbOCQwbUMLRJfuoRNmbn,1
5076,0Qe2-eWz-YdzVbOCQwbUMLRJfuoRNmbn,1
21015,0Qe2-eWz-YdzVbOCQwbUMLRJfuoRNmbn,1
26132,0Qe2-eWz-YdzVbOCQwbUMLRJfuoRNmbn,1
9352,0Qe2-eWz-YdzVbOCQwbUMLRJfuoRNmbn,1
26038,0Qe2-eWz-YdzVbOCQwbUMLRJfuoRNmbn,1
26063,0Qe2-eWz-YdzVbOCQwbUMLRJfuoRNmbn,1
22041,0Qe2-eWz-YdzVbOCQwbUMLRJfuoRNmbn,1
28117,0Qe2-eWz-YdzVbOCQwbUMLRJfuoRNmbn,1
31053,0Qe2-eWz-YdzVbOCQwbUMLRJfuoRNmbn,1
44038,0Qe2-eWz-YdzVbOCQwbUMLRJfuoRNmbn,1
16270,0Qe2-eWz-YdzVbOCQwbUMLRJfuoRNmbn,1
26052,0Qe2-eWz-YdzVbOCQwbUMLRJfuoRNmbn,1
12017,0Qe2-eWz-YdzVbOCQwbUMLRJfuoRNmbn,1
10157,0Qe2-eWz-YdzVbOCQwbUMLRJfuoRNmbn,1
19182,0Qe2-eWz-YdzVbOCQwbUMLRJfuoRNmbn,1
47094,0Qe2-eWz-YdzVbOCQwbUMLRJfuoRNmbn,1
10208,0Qe2-eWz-YdzVbOCQwbUMLRJfuoRNmbn,1
16001,0Qe2-eWz-YdzVbOCQwbUMLRJfuoRNmbn,1
22226,0Qe2-eWz-YdzVbOCQwbUMLRJfuoRNmbn,1
43102,0Qe2-eWz-YdzVbOCQwbUMLRJfuoRNmbn,1
42031,0Qe2-eWz-YdzVbOCQwbUMLRJfuoRNmbn,1
24052,0Qe2-eWz-YdzVbOCQwbUMLRJfuoRNmbn,1
7025,0Qe2-eWz-YdzVbOCQwbUMLRJfuoRNmbn,1
40039,0Qe2-eWz-YdzVbOCQwbUMLRJfuoRNmbn,1
25151,0Qe2-eWz-YdzVbOCQwbUMLRJfuoRNmbn,1
43049,0Qe2-eWz-YdzVbOCQwbUMLRJfuoRNmbn,1
48907,0Qe2-eWz-YdzVbOCQwbUMLRJfuoRNmbn,1
37122,0Qe2-eWz-YdzVbOCQwbUMLRJfuoRNmbn,1
9265,0Qe2-eWz-YdzVbOCQwbUMLRJfuoRNmbn,1
44125,0Qe2-eWz-YdzVbOCQwbUMLRJfuoRNmbn,1
47113,0Qe2-eWz-YdzVbOCQwbUMLRJfuoRNmbn,1
44130,0Qe2-eWz-YdzVbOCQwbUMLRJfuoRNmbn,1
31008,0Qe2-eWz-YdzVbOCQwbUMLRJfuoRNmbn,1
12125,0Qe2-eWz-YdzVbOCQwbUMLRJfuoRNmbn,1
25909,0Qe2-eWz-YdzVbOCQwbUMLRJfuoRNmbn,1
37068,0Qe2-eWz-YdzVbOCQwbUMLRJfuoRNmbn,1
39053,0Qe2-eWz-YdzVbOCQwbUMLRJfuoRNmbn,1
50177,0Qe2-eWz-YdzVbOCQwbUMLRJfuoRNmbn,1
3037,0Qe2-eWz-YdzVbOCQwbUMLRJfuoRNmbn,1
24051,0Qe2-eWz-YdzVbOCQwbUMLRJfuoRNmbn,1
29065,0Qe2-eWz-YdzVbOCQwbUMLRJfuoRNmbn,1
10103,0Qe2-eWz-YdzVbOCQwbUMLRJfuoRNmbn,1
37309,0Qe2-eWz-YdzVbOCQwbUMLRJfuoRNmbn,1
10071,0Qe2-eWz-YdzVbOCQwbUMLRJfuoRNmbn,1
24043,0Qe2-eWz-YdzVbOCQwbUMLRJfuoRNmbn,1
46079,0Qe2-eWz-YdzVbOCQwbUMLRJfuoRNmbn,1
7901,0Qe2-eWz-YdzVbOCQwbUMLRJfuoRNmbn,1
3035,0Qe2-eWz-YdzVbOCQwbUMLRJfuoRNmbn,1
17228,0Qe2-eWz-YdzVbOCQwbUMLRJfuoRNmbn,1
10075,0Qe2-eWz-YdzVbOCQwbUMLRJfuoRNmbn,1
16159,0Qe2-eWz-YdzVbOCQwbUMLRJfuoRNmbn,1
1013,0Qe2-eWz-YdzVbOCQwbUMLRJfuoRNmbn,1
6071,0Qe2-eWz-YdzVbOCQwbUMLRJfuoRNmbn,1
9170,0Qe2-eWz-YdzVbOCQwbUMLRJfuoRNmbn,1
47191,0Qe2-eWz-YdzVbOCQwbUMLRJfuoRNmbn,1
50007,0Qe2-eWz-YdzVbOCQwbUMLRJfuoRNmbn,1
24087,0Qe2-eWz-YdzVbOCQwbUMLRJfuoRNmbn,1
14016,0Qe2-eWz-YdzVbOCQwbUMLRJfuoRNmbn,0
41004,0Qe2-eWz-YdzVbOCQwbUMLRJfuoRNmbn,0
12129,0Qe2-eWz-YdzVbOCQwbUMLRJfuoRNmbn,0
36021,0Qe2-eWz-YdzVbOCQwbUMLRJfuoRNmbn,0
29011,0Qe2-eWz-YdzVbOCQwbUMLRJfuoRNmbn,0
26026,0Qe2-eWz-YdzVbOCQwbUMLRJfuoRNmbn,0
10216,0Qe2-eWz-YdzVbOCQwbUMLRJfuoRNmbn,0
14026,0Qe2-eWz-YdzVbOCQwbUMLRJfuoRNmbn,0
45901,0Qe2-eWz-YdzVbOCQwbUMLRJfuoRNmbn,0
35019,0Qe2-eWz-YdzVbOCQwbUMLRJfuoRNmbn,0
7026,0Qe2-eWz-YdzVbOCQwbUMLRJfuoRNmbn,0
41010,0Qe2-eWz-YdzVbOCQwbUMLRJfuoRNmbn,0
5163,0Qe2-eWz-YdzVbOCQwbUMLRJfuoRNmbn,0
6046,0Qe2-eWz-YdzVbOCQwbUMLRJfuoRNmbn,0
43902,0Qe2-eWz-YdzVbOCQwbUMLRJfuoRNmbn,0
21043,0Qe2-eWz-YdzVbOCQwbUMLRJfuoRNmbn,0
43139,0Qe2-eWz-YdzVbOCQwbUMLRJfuoRNmbn,0
28153,0Qe2-eWz-YdzVbOCQwbUMLRJfuoRNmbn,0
8097,0Qe2-eWz-YdzVbOCQwbUMLRJfuoRNmbn,0
20015,0Qe2-eWz-YdzVbOCQwbUMLRJfuoRNmbn,0
40203,0Qe2-eWz-YdzVbOCQwbUMLRJfuoRNmbn,0
24038,0Qe2-eWz-YdzVbOCQwbUMLRJfuoRNmbn,0
13001,0Qe2-eWz-YdzVbOCQwbUMLRJfuoRNmbn,0
8274,0Qe2-eWz-YdzVbOCQwbUMLRJfuoRNmbn,0
11029,0Qe2-eWz-YdzVbOCQwbUMLRJfuoRNmbn,0
36044,0Qe2-eWz-YdzVbOCQwbUMLRJfuoRNmbn,0
46010,0Qe2-eWz-YdzVbOCQwbUMLRJfuoRNmbn,0
17147,0Qe2-eWz-YdzVbOCQwbUMLRJfuoRNmbn,0
46195,0Qe2-eWz-YdzVbOCQwbUMLRJfuoRNmbn,0
28165,0Qe2-eWz-YdzVbOCQwbUMLRJfuoRNmbn,0
6162,0Qe2-eWz-YdzVbOCQwbUMLRJfuoRNmbn,0
45197,0Qe2-eWz-YdzVbOCQwbUMLRJfuoRNmbn,0
3043,0Qe2-eWz-YdzVbOCQwbUMLRJfuoRNmbn,0
36040,0Qe2-eWz-YdzVbOCQwbUMLRJfuoRNmbn,0
6086,0Qe2-eWz-YdzVbOCQwbUMLRJfuoRNmbn,0
11021,0Qe2-eWz-YdzVbOCQwbUMLRJfuoRNmbn,0
47104,0Qe2-eWz-YdzVbOCQwbUMLRJfuoRNmbn,0
33068,0Qe2-eWz-YdzVbOCQwbUMLRJfuoRNmbn,0
38009,0Qe2-eWz-YdzVbOCQwbUMLRJfuoRNmbn,0
37140,0Qe2-eWz-YdzVbOCQwbUMLRJfuoRNmbn,0
4103,0Qe2-eWz-YdzVbOCQwbUMLRJfuoRNmbn,0
33069,0Qe2-eWz-YdzVbOCQwbUMLRJfuoRNmbn,0
14024,0Qe2-eWz-YdzVbOCQwbUMLRJfuoRNmbn,0
7012,0Qe2-eWz-YdzVbOCQwbUMLRJfuoRNmbn,0
39030,0Qe2-eWz-YdzVbOCQwbUMLRJfuoRNmbn,0
28051,0Qe2-eWz-YdzVbOCQwbUMLRJfuoRNmbn,0
45088,0Qe2-eWz-YdzVbOCQwbUMLRJfuoRNmbn,0
15022,0Qe2-eWz-YdzVbOCQwbUMLRJfuoRNmbn,0
43013,0Qe2-eWz-YdzVbOCQwbUMLRJfuoRNmbn,0
30032,0Qe2-eWz-YdzVbOCQwbUMLRJfuoRNmbn,0
15031,0Qe2-eWz-YdzVbOCQwbUMLRJfuoRNmbn,0
12011,0Qe2-eWz-YdzVbOCQwbUMLRJfuoRNmbn,0
6154,0Qe2-eWz-YdzVbOCQwbUMLRJfuoRNmbn,0
33036,0Qe2-eWz-YdzVbOCQwbUMLRJfuoRNmbn,0
48052,0Qe2-eWz-YdzVbOCQwbUMLRJfuoRNmbn,0
4011,0Qe2-eWz-YdzVbOCQwbUMLRJfuoRNmbn,0
32059,0Qe2-eWz-YdzVbOCQwbUMLRJfuoRNmbn,0
15003,0Qe2-eWz-YdzVbOCQwbUMLRJfuoRNmbn,0
3120,0Qe2-eWz-YdzVbOCQwbUMLRJfuoRNmbn,0
43163,0Qe2-eWz-YdzVbOCQwbUMLRJfuoRNmbn,0
8208,0Qe2-eWz-YdzVbOCQwbUMLRJfuoRNmbn,0
2079,0Qe2-eWz-YdzVbOCQwbUMLRJfuoRNmbn,0
23045,0Qe2-eWz-YdzVbOCQwbUMLRJfuoRNmbn,0
41056,0Qe2-eWz-YdzVbOCQwbUMLRJfuoRNmbn,0
47066,0Qe2-eWz-YdzVbOCQwbUMLRJfuoRNmbn,0
32087,0Qe2-eWz-YdzVbOCQwbUMLRJfuoRNmbn,0
26102,0Qe2-eWz-YdzVbOCQwbUMLRJfuoRNmbn,0
3071,0Qe2-eWz-YdzVbOCQwbUMLRJfuoRNmbn,0
1003,0Qe2-eWz-YdzVbOCQwbUMLRJfuoRNmbn,0
25019,0Qe2-eWz-YdzVbOCQwbUMLRJfuoRNmbn,0
28092,0Qe2-eWz-YdzVbOCQwbUMLRJfuoRNmbn,0
41085,0Qe2-eWz-YdzVbOCQwbUMLRJfuoRNmbn,0
48910,0Qe2-eWz-YdzVbOCQwbUMLRJfuoRNmbn,0
6055,0Qe2-eWz-YdzVbOCQwbUMLRJfuoRNmbn,0
29028,0Qe2-eWz-YdzVbOCQwbUMLRJfuoRNmbn,0
27012,0Qe2-eWz-YdzVbOCQwbUMLRJfuoRNmbn,0
41027,0Qe2-eWz-YdzVbOCQwbUMLRJfuoRNmbn,0
38034,0Qe2-eWz-YdzVbOCQwbUMLRJfuoRNmbn,0
45182,0Qe2-eWz-YdzVbOCQwbUMLRJfuoRNmbn,0
43042,0Qe2-eWz-YdzVbOCQwbUMLRJfuoRNmbn,0
45165,0Qe2-eWz-YdzVbOCQwbUMLRJfuoRNmbn,0
32007,0Qe2-eWz-YdzVbOCQwbUMLRJfuoRNmbn,0
27019,0Qe2-eWz-YdzVbOCQwbUMLRJfuoRNmbn,0
38007,0Qe2-eWz-YdzVbOCQwbUMLRJfuoRNmbn,0
23082,0Qe2-eWz-YdzVbOCQwbUMLRJfuoRNmbn,0
6160,0Qe2-eWz-YdzVbOCQwbUMLRJfuoRNmbn,0
29038,0Qe2-eWz-YdzVbOCQwbUMLRJfuoRNmbn,0
26120,0Qe2-eWz-YdzVbOCQwbUMLRJfuoRNmbn,0
6126,0Qe2-eWz-YdzVbOCQwbUMLRJfuoRNmbn,0
29020,0Qe2-eWz-YdzVbOCQwbUMLRJfuoRNmbn,0
28055,0Qe2-eWz-YdzVbOCQwbUMLRJfuoRNmbn,0
9209,0Qe2-eWz-YdzVbOCQwbUMLRJfuoRNmbn,0
17067,0Qe2-eWz-YdzVbOCQwbUMLRJfuoRNmbn,0
3901,0Qe2-eWz-YdzVbOCQwbUMLRJfuoRNmbn,0
47218,0Qe2-eWz-YdzVbOCQwbUMLRJfuoRNmbn,0
47050,0Qe2-eWz-YdzVbOCQwbUMLRJfuoRNmbn,0
8211,0Qe2-eWz-YdzVbOCQwbUMLRJfuoRNmbn,0
41008,0Qe2-eWz-YdzVbOCQwbUMLRJfuoRNmbn,0
31905,0Qe2-eWz-YdzVbOCQwbUMLRJfuoRNmbn,0
16066,0Qe2-eWz-YdzVbOCQwbUMLRJfuoRNmbn,0
9360,g3Nn-55F-gXmH7zKsnJZvDeQzIwyMERC,1
37197,g3Nn-55F-gXmH7zKsnJZvDeQzIwyMERC,1
19248,g3Nn-55F-gXmH7zKsnJZvDeQzIwyMERC,1
37124,g3Nn-55F-gXmH7zKsnJZvDeQzIwyMERC,1
10901,g3Nn-55F-gXmH7zKsnJZvDeQzIwyMERC,1
32072,g3Nn-55F-gXmH7zKsnJZvDeQzIwyMERC,1
28126,g3Nn-55F-gXmH7zKsnJZvDeQzIwyMERC,1
17096,g3Nn-55F-gXmH7zKsnJZvDeQzIwyMERC,1
5043,g3Nn-55F-gXmH7zKsnJZvDeQzIwyMERC,1
39041,g3Nn-55F-gXmH7zKsnJZvDeQzIwyMERC,1
44209,g3Nn-55F-gXmH7zKsnJZvDeQzIwyMERC,1
45195,g3Nn-55F-gXmH7zKsnJZvDeQzIwyMERC,1
26001,g3Nn-55F-gXmH7zKsnJZvDeQzIwyMERC,1
16026,g3Nn-55F-gXmH7zKsnJZvDeQzIwyMERC,1
16254,g3Nn-55F-gXmH7zKsnJZvDeQzIwyMERC,1
43062,g3Nn-55F-gXmH7zKsnJZvDeQzIwyMERC,1
47227,g3Nn-55F-gXmH7zKsnJZvDeQzIwyMERC,1
47084,g3Nn-55F-gXmH7zKsnJZvDeQzIwyMERC,1
8104,g3Nn-55F-gXmH7zKsnJZvDeQzIwyMERC,1
41014,g3Nn-55F-gXmH7zKsnJZvDeQzIwyMERC,1
42188,g3Nn-55F-gXmH7zKsnJZvDeQzIwyMERC,1
46904,g3Nn-55F-gXmH7zKsnJZvDeQzIwyMERC,1
44240,g3Nn-55F-gXmH7zKsnJZvDeQzIwyMERC,1
25171,g3Nn-55F-gXmH7zKsnJZvDeQzIwyMERC,1
42120,g3Nn-55F-gXmH7zKsnJZvDeQzIwyMERC,1
40901,g3Nn-55F-gXmH7zKsnJZvDeQzIwyMERC,1
5100,g3Nn-55F-gXmH7zKsnJZvDeQzIwyMERC,1
28036,g3Nn-55F-gXmH7zKsnJZvDeQzIwyMERC,1
36028,g3Nn-55F-gXmH7zKsnJZvDeQzIwyMERC,1
5221,g3Nn-55F-gXmH7zKsnJZvDeQzIwyMERC,1
46108,g3Nn-55F-gXmH7zKsnJZvDeQzIwyMERC,1
5204,g3Nn-55F-gXmH7zKsnJZvDeQzIwyMERC,1
25146,g3Nn-55F-gXmH7zKsnJZvDeQzIwyMERC,1
25169,g3Nn-55F-gXmH7zKsnJZvDeQzIwyMERC,1
5033,g3Nn-55F-gXmH7zKsnJZvDeQzIwyMERC,1
6022,g3Nn-55F-gXmH7zKsnJZvDeQzIwyMERC,1
37223,g3Nn-55F-gXmH7zKsnJZvDeQzIwyMERC,1
16908,g3Nn-55F-gXmH7zKsnJZvDeQzIwyMERC,1
50043,g3Nn-55F-gXmH7zKsnJZvDeQzIwyMERC,1
19901,g3Nn-55F-gXmH7zKsnJZvDeQzIwyMERC,1
43084,g3Nn-55F-gXmH7zKsnJZvDeQzIwyMERC,1
37157,g3Nn-55F-gXmH7zKsnJZvDeQzIwyMERC,1
37184,g3Nn-55F-gXmH7zKsnJZvDeQzIwyMERC,1
28173,g3Nn-55F-gXmH7zKsnJZvDeQzIwyMERC,1
28124,g3Nn-55F-gXmH7zKsnJZvDeQzIwyMERC,1
27021,g3Nn-55F-gXmH7zKsnJZvDeQzIwyMERC,1
47200,g3Nn-55F-gXmH7zKsnJZvDeQzIwyMERC,1
22124,g3Nn-55F-gXmH7zKsnJZvDeQzIwyMERC,1
22227,g3Nn-55F-gXmH7zKsnJZvDeQzIwyMERC,1
10011,g3Nn-55F-gXmH7zKsnJZvDeQzIwyMERC,1
50065,g3Nn-55F-gXmH7zKsnJZvDeQzIwyMERC,1
40048,g3Nn-55F-gXmH7zKsnJZvDeQzIwyMERC,1
37121,g3Nn-55F-gXmH7zKsnJZvDeQzIwyMERC,1
31054,g3Nn-55F-gXmH7zKsnJZvDeQzIwyMERC,1
9022,g3Nn-55F-gXmH7zKsnJZvDeQzIwyMERC,1
49096,g3Nn-55F-gXmH7zKsnJZvDeQzIwyMERC,1
47002,g3Nn-55F-gXmH7zKsnJZvDeQzIwyMERC,1
8064,g3Nn-55F-gXmH7zKsnJZvDeQzIwyMERC,1
18015,g3Nn-55F-gXmH7zKsnJZvDeQzIwyMERC,1
45150,g3Nn-55F-gXmH7zKsnJZvDeQzIwyMERC,1
37217,g3Nn-55F-gXmH7zKsnJZvDeQzIwyMERC,1
27049,g3Nn-55F-gXmH7zKsnJZvDeQzIwyMERC,1
26117,g3Nn-55F-gXmH7zKsnJZvDeQzIwyMERC,1
10089,g3Nn-55F-gXmH7zKsnJZvDeQzIwyMERC,1
37163,g3Nn-55F-gXmH7zKsnJZvDeQzIwyMERC,1
24058,g3Nn-55F-gXmH7zKsnJZvDeQzIwyMERC,1
29031,g3Nn-55F-gXmH7zKsnJZvDeQzIwyMERC,1
9109,g3Nn-55F-gXmH7zKsnJZvDeQzIwyMERC,1
26053,g3Nn-55F-gXmH7zKsnJZvDeQzIwyMERC,1
50126,g3Nn-55F-gXmH7zKsnJZvDeQzIwyMERC,1
10166,g3Nn-55F-gXmH7zKsnJZvDeQzIwyMERC,1
10137,g3Nn-55F-gXmH7zKsnJZvDeQzIwyMERC,1
37090,g3Nn-55F-gXmH7zKsnJZvDeQzIwyMERC,1
19120,g3Nn-55F-gXmH7zKsnJZvDeQzIwyMERC,1
42022,g3Nn-55F-gXmH7zKsnJZvDeQzIwyMERC,1
9269,g3Nn-55F-gXmH7zKsnJZvDeQzIwyMERC,1
4080,g3Nn-55F-gXmH7zKsnJZvDeQzIwyMERC,1
37247,g3Nn-55F-gXmH7zKsnJZvDeQzIwyMERC,1
37297,g3Nn-55F-gXmH7zKsnJZvDeQzIwyMERC,1
46138,g3Nn-55F-gXmH7zKsnJZvDeQzIwyMERC,1
37360,g3Nn-55F-gXmH7zKsnJZvDeQzIwyMERC,1
50264,g3Nn-55F-gXmH7zKsnJZvDeQzIwyMERC,1
44084,g3Nn-55F-gXmH7zKsnJZvDeQzIwyMERC,1
9091,g3Nn-55F-gXmH7zKsnJZvDeQzIwyMERC,1
25124,g3Nn-55F-gXmH7zKsnJZvDeQzIwyMERC,1
34110,g3Nn-55F-gXmH7zKsnJZvDeQzIwyMERC,1
49054,g3Nn-55F-gXmH7zKsnJZvDeQzIwyMERC,1
46068,g3Nn-55F-gXmH7zKsnJZvDeQzIwyMERC,1
2065,g3Nn-55F-gXmH7zKsnJZvDeQzIwyMERC,1
32003,g3Nn-55F-gXmH7zKsnJZvDeQzIwyMERC,1
29074,g3Nn-55F-gXmH7zKsnJZvDeQzIwyMERC,1
47215,g3Nn-55F-gXmH7zKsnJZvDeQzIwyMERC,1
9200,g3Nn-55F-gXmH7zKsnJZvDeQzIwyMERC,1
9907,g3Nn-55F-gXmH7zKsnJZvDeQzIwyMERC,1
25096,g3Nn-55F-gXmH7zKsnJZvDeQzIwyMERC,1
28110,g3Nn-55F-gXmH7zKsnJZvDeQzIwyMERC,1
9182,g3Nn-55F-gXmH7zKsnJZvDeQzIwyMERC,1
34052,g3Nn-55F-gXmH7zKsnJZvDeQzIwyMERC,1
24193,g3Nn-55F-gXmH7zKsnJZvDeQzIwyMERC,1
49104,g3Nn-55F-gXmH7zKsnJZvDeQzIwyMERC,1
47186,g3Nn-55F-gXmH7zKsnJZvDeQzIwyMERC,0
28133,g3Nn-55F-gXmH7zKsnJZvDeQzIwyMERC,0
7031,g3Nn-55F-gXmH7zKsnJZvDeQzIwyMERC,0
25110,g3Nn-55F-gXmH7zKsnJZvDeQzIwyMERC,0
48085,g3Nn-55F-gXmH7zKsnJZvDeQzIwyMERC,0
21070,g3Nn-55F-gXmH7zKsnJZvDeQzIwyMERC,0
38026,g3Nn-55F-gXmH7zKsnJZvDeQzIwyMERC,0
36046,g3Nn-55F-gXmH7zKsnJZvDeQzIwyMERC,0
28080,g3Nn-55F-gXmH7zKsnJZvDeQzIwyMERC,0
19046,g3Nn-55F-gXmH7zKsnJZvDeQzIwyMERC,0
13011,g3Nn-55F-gXmH7zKsnJZvDeQzIwyMERC,0
43005,g3Nn-55F-gXmH7zKsnJZvDeQzIwyMERC,0
27057,g3Nn-55F-gXmH7zKsnJZvDeQzIwyMERC,0
43016,g3Nn-55F-gXmH7zKsnJZvDeQzIwyMERC,0
14035,g3Nn-55F-gXmH7zKsnJZvDeQzIwyMERC,0
7044,g3Nn-55F-gXmH7zKsnJZvDeQzIwyMERC,0
9219,g3Nn-55F-gXmH7zKsnJZvDeQzIwyMERC,0
41005,g3Nn-55F-gXmH7zKsnJZvDeQzIwyMERC,0
11038,g3Nn-55F-gXmH7zKsnJZvDeQzIwyMERC,0
26011,g3Nn-55F-gXmH7zKsnJZvDeQzIwyMERC,0
8155,g3Nn-55F-gXmH7zKsnJZvDeQzIwyMERC,0
32019,g3Nn-55F-gXmH7zKsnJZvDeQzIwyMERC,0
8263,g3Nn-55F-gXmH7zKsnJZvDeQzIwyMERC,0
39008,g3Nn-55F-gXmH7zKsnJZvDeQzIwyMERC,0
3047,g3Nn-55F-gXmH7zKsnJZvDeQzIwyMERC,0
12077,g3Nn-55F-gXmH7zKsnJZvDeQzIwyMERC,0
36059,g3Nn-55F-gXmH7zKsnJZvDeQzIwyMERC,0
7036,g3Nn-55F-gXmH7zKsnJZvDeQzIwyMERC,0
20067,g3Nn-55F-gXmH7zKsnJZvDeQzIwyMERC,0
36027,g3Nn-55F-gXmH7zKsnJZvDeQzIwyMERC,0
15046,g3Nn-55F-gXmH7zKsnJZvDeQzIwyMERC,0
23006,g3Nn-55F-gXmH7zKsnJZvDeQzIwyMERC,0
8245,g3Nn-55F-gXmH7zKsnJZvDeQzIwyMERC,0
36048,g3Nn-55F-gXmH7zKsnJZvDeQzIwyMERC,0
4101,g3Nn-55F-gXmH7zKsnJZvDeQzIwyMERC,0
20013,g3Nn-55F-gXmH7zKsnJZvDeQzIwyMERC,0
12084,g3Nn-55F-gXmH7zKsnJZvDeQzIwyMERC,0
3121,g3Nn-55F-gXmH7zKsnJZvDeQzIwyMERC,0
46007,g3Nn-55F-gXmH7zKsnJZvDeQzIwyMERC,0
29023,g3Nn-55F-gXmH7zKsnJZvDeQzIwyMERC,0
4003,g3Nn-55F-gXmH7zKsnJZvDeQzIwyMERC,0
8221,g3Nn-55F-gXmH7zKsnJZvDeQzIwyMERC,0
18165,g3Nn-55F-gXmH7zKsnJZvDeQzIwyMERC,0
36003,g3Nn-55F-gXmH7zKsnJZvDeQzIwyMERC,0
41045,g3Nn-55F-gXmH7zKsnJZvDeQzIwyMERC,0
15030,g3Nn-55F-gXmH7zKsnJZvDeQzIwyMERC,0
8238,g3Nn-55F-gXmH7zKsnJZvDeQzIwyMERC,0
18135,g3Nn-55F-gXmH7zKsnJZvDeQzIwyMERC,0
38046,g3Nn-55F-gXmH7zKsnJZvDeQzIwyMERC,0
15011,g3Nn-55F-gXmH7zKsnJZvDeQzIwyMERC,0
23087,g3Nn-55F-gXmH7zKsnJZvDeQzIwyMERC,0
14055,g3Nn-55F-gXmH7zKsnJZvDeQzIwyMERC,0
21055,g3Nn-55F-gXmH7zKsnJZvDeQzIwyMERC,0
30021,g3Nn-55F-gXmH7zKsnJZvDeQzIwyMERC,0
22048,g3Nn-55F-gXmH7zKsnJZvDeQzIwyMERC,0
5019,g3Nn-55F-gXmH7zKsnJZvDeQzIwyMERC,0
28172,g3Nn-55F-gXmH7zKsnJZvDeQzIwyMERC,0
8251,g3Nn-55F-gXmH7zKsnJZvDeQzIwyMERC,0
3107,g3Nn-55F-gXmH7zKsnJZvDeQzIwyMERC,0
46054,g3Nn-55F-gXmH7zKsnJZvDeQzIwyMERC,0
28075,g3Nn-55F-gXmH7zKsnJZvDeQzIwyMERC,0
23005,g3Nn-55F-gXmH7zKsnJZvDeQzIwyMERC,0
8191,g3Nn-55F-gXmH7zKsnJZvDeQzIwyMERC,0
33040,g3Nn-55F-gXmH7zKsnJZvDeQzIwyMERC,0
43092,g3Nn-55F-gXmH7zKsnJZvDeQzIwyMERC,0
46194,g3Nn-55F-gXmH7zKsnJZvDeQzIwyMERC,0
17079,g3Nn-55F-gXmH7zKsnJZvDeQzIwyMERC,0
46213,g3Nn-55F-gXmH7zKsnJZvDeQzIwyMERC,0
8073,g3Nn-55F-gXmH7zKsnJZvDeQzIwyMERC,0
42043,g3Nn-55F-gXmH7zKsnJZvDeQzIwyMERC,0
13013,g3Nn-55F-gXmH7zKsnJZvDeQzIwyMERC,0
7013,g3Nn-55F-gXmH7zKsnJZvDeQzIwyMERC,0
28167,g3Nn-55F-gXmH7zKsnJZvDeQzIwyMERC,0
26168,g3Nn-55F-gXmH7zKsnJZvDeQzIwyMERC,0
8136,g3Nn-55F-gXmH7zKsnJZvDeQzIwyMERC,0
35015,g3Nn-55F-gXmH7zKsnJZvDeQzIwyMERC,0
23053,g3Nn-55F-gXmH7zKsnJZvDeQzIwyMERC,0
45205,g3Nn-55F-gXmH7zKsnJZvDeQzIwyMERC,0
19058,g3Nn-55F-gXmH7zKsnJZvDeQzIwyMERC,0
20009,g3Nn-55F-gXmH7zKsnJZvDeQzIwyMERC,0
17181,g3Nn-55F-gXmH7zKsnJZvDeQzIwyMERC,0
48032,g3Nn-55F-gXmH7zKsnJZvDeQzIwyMERC,0
39042,g3Nn-55F-gXmH7zKsnJZvDeQzIwyMERC,0
8266,g3Nn-55F-gXmH7zKsnJZvDeQzIwyMERC,0
8140,g3Nn-55F-gXmH7zKsnJZvDeQzIwyMERC,0
18175,g3Nn-55F-gXmH7zKsnJZvDeQzIwyMERC,0
39040,g3Nn-55F-gXmH7zKsnJZvDeQzIwyMERC,0
19280,g3Nn-55F-gXmH7zKsnJZvDeQzIwyMERC,0
48036,g3Nn-55F-gXmH7zKsnJZvDeQzIwyMERC,0
15021,g3Nn-55F-gXmH7zKsnJZvDeQzIwyMERC,0
20077,g3Nn-55F-gXmH7zKsnJZvDeQzIwyMERC,0
28108,g3Nn-55F-gXmH7zKsnJZvDeQzIwyMERC,0
28129,g3Nn-55F-gXmH7zKsnJZvDeQzIwyMERC,0
45064,g3Nn-55F-gXmH7zKsnJZvDeQzIwyMERC,0
43136,g3Nn-55F-gXmH7zKsnJZvDeQzIwyMERC,0
8114,g3Nn-55F-gXmH7zKsnJZvDeQzIwyMERC,0
8157,g3Nn-55F-gXmH7zKsnJZvDeQzIwyMERC,0
3021,g3Nn-55F-gXmH7zKsnJZvDeQzIwyMERC,0
28005,g3Nn-55F-gXmH7zKsnJZvDeQzIwyMERC,0
29051,g3Nn-55F-gXmH7zKsnJZvDeQzIwyMERC,0
27010,kn0V-QKF-HZUYpMOxJ3X8jzM59TbvKa5,1
24083,kn0V-QKF-HZUYpMOxJ3X8jzM59TbvKa5,1
26088,kn0V-QKF-HZUYpMOxJ3X8jzM59TbvKa5,1
37077,kn0V-QKF-HZUYpMOxJ3X8jzM59TbvKa5,1
47104,kn0V-QKF-HZUYpMOxJ3X8jzM59TbvKa5,1
5235,kn0V-QKF-HZUYpMOxJ3X8jzM59TbvKa5,1
28041,kn0V-QKF-HZUYpMOxJ3X8jzM59TbvKa5,1
34158,kn0V-QKF-HZUYpMOxJ3X8jzM59TbvKa5,1
29010,kn0V-QKF-HZUYpMOxJ3X8jzM59TbvKa5,1
7058,kn0V-QKF-HZUYpMOxJ3X8jzM59TbvKa5,1
18135,kn0V-QKF-HZUYpMOxJ3X8jzM59TbvKa5,1
8098,kn0V-QKF-HZUYpMOxJ3X8jzM59TbvKa5,1
39067,kn0V-QKF-HZUYpMOxJ3X8jzM59TbvKa5,1
47031,kn0V-QKF-HZUYpMOxJ3X8jzM59TbvKa5,1
37301,kn0V-QKF-HZUYpMOxJ3X8jzM59TbvKa5,1
9343,kn0V-QKF-HZUYpMOxJ3X8jzM59TbvKa5,1
9340,kn0V-QKF-HZUYpMOxJ3X8jzM59TbvKa5,1
7060,kn0V-QKF-HZUYpMOxJ3X8jzM59TbvKa5,1
34240,kn0V-QKF-HZUYpMOxJ3X8jzM59TbvKa5,1
44049,kn0V-QKF-HZUYpMOxJ3X8jzM59TbvKa5,1
48096,kn0V-QKF-HZUYpMOxJ3X8jzM59TbvKa5,1
4103,kn0V-QKF-HZUYpMOxJ3X8jzM59TbvKa5,1
44197,kn0V-QKF-HZUYpMOxJ3X8jzM59TbvKa5,1
48061,kn0V-QKF-HZUYpMOxJ3X8jzM59TbvKa5,1
45017,kn0V-QKF-HZUYpMOxJ3X8jzM59TbvKa5,1
9345,kn0V-QKF-HZUYpMOxJ3X8jzM59TbvKa5,1
44190,kn0V-QKF-HZUYpMOxJ3X8jzM59TbvKa5,1
16248,kn0V-QKF-HZUYpMOxJ3X8jzM59TbvKa5,1
46245,kn0V-QKF-HZUYpMOxJ3X8jzM59TbvKa5,1
13054,kn0V-QKF-HZUYpMOxJ3X8jzM59TbvKa5,1
7037,kn0V-QKF-HZUYpMOxJ3X8jzM59TbvKa5,1
8306,kn0V-QKF-HZUYpMOxJ3X8jzM59TbvKa5,1
5151,kn0V-QKF-HZUYpMOxJ3X8jzM59TbvKa5,1
45199,kn0V-QKF-HZUYpMOxJ3X8jzM59TbvKa5,1
22042,kn0V-QKF-HZUYpMOxJ3X8jzM59TbvKa5,1
12002,kn0V-QKF-HZUYpMOxJ3X8jzM59TbvKa5,1
24151,kn0V-QKF-HZUYpMOxJ3X8jzM59TbvKa5,1
27052,kn0V-QKF-HZUYpMOxJ3X8jzM59TbvKa5,1
43075,kn0V-QKF-HZUYpMOxJ3X8jzM59TbvKa5,1
26005,kn0V-QKF-HZUYpMOxJ3X8jzM59TbvKa5,1
8293,kn0V-QKF-HZUYpMOxJ3X8jzM59TbvKa5,1
16169,kn0V-QKF-HZUYpMOxJ3X8jzM59TbvKa5,1
44218,kn0V-QKF-HZUYpMOxJ3X8jzM59TbvKa5,1
2053,kn0V-QKF-HZUYpMOxJ3X8jzM59TbvKa5,1
29031,kn0V-QKF-HZUYpMOxJ3X8jzM59TbvKa5,1
2047,kn0V-QKF-HZUYpMOxJ3X8jzM59TbvKa5,1
34230,kn0V-QKF-HZUYpMOxJ3X8jzM59TbvKa5,1
9075,kn0V-QKF-HZUYpMOxJ3X8jzM59TbvKa5,1
23047,kn0V-QKF-HZUYpMOxJ3X8jzM59TbvKa5,1
24106,kn0V-QKF-HZUYpMOxJ3X8jzM59TbvKa5,1
47114,kn0V-QKF-HZUYpMOxJ3X8jzM59TbvKa5,1
25070,kn0V-QKF-HZUYpMOxJ3X8jzM59TbvKa5,1
46036,kn0V-QKF-HZUYpMOxJ3X8jzM59TbvKa5,1
44211,kn0V-QKF-HZUYpMOxJ3X8jzM59TbvKa5,1
37351,kn0V-QKF-HZUYpMOxJ3X8jzM59TbvKa5,1
44080,kn0V-QKF-HZUYpMOxJ3X8jzM59TbvKa5,1
44151,kn0V-QKF-HZUYpMOxJ3X8jzM59TbvKa5,1
2018,kn0V-QKF-HZUYpMOxJ3X8jzM59TbvKa5,1
9094,kn0V-QKF-HZUYpMOxJ3X8jzM59TbvKa5,1
2051,kn0V-QKF-HZUYpMOxJ3X8jzM59TbvKa5,1
44112,kn0V-QKF-HZUYpMOxJ3X8jzM59TbvKa5,1
25255,kn0V-QKF-HZUYpMOxJ3X8jzM59TbvKa5,1
15040,kn0V-QKF-HZUYpMOxJ3X8jzM59TbvKa5,1
25181,kn0V-QKF-HZUYpMOxJ3X8jzM59TbvKa5,1
12051,kn0V-QKF-HZUYpMOxJ3X8jzM59TbvKa5,1
22190,kn0V-QKF-HZUYpMOxJ3X8jzM59TbvKa5,1
17040,kn0V-QKF-HZUYpMOxJ3X8jzM59TbvKa5,1
10903,kn0V-QKF-HZUYpMOxJ3X8jzM59TbvKa5,1
37245,kn0V-QKF-HZUYpMOxJ3X8jzM59TbvKa5,1
31175,kn0V-QKF-HZUYpMOxJ3X8jzM59TbvKa5,1
25121,kn0V-QKF-HZUYpMOxJ3X8jzM59TbvKa5,1
50016,kn0V-QKF-HZUYpMOxJ3X8jzM59TbvKa5,1
31095,kn0V-QKF-HZUYpMOxJ3X8jzM59TbvKa5,1
29003,kn0V-QKF-HZUYpMOxJ3X8jzM59TbvKa5,1
31133,kn0V-QKF-HZUYpMOxJ3X8jzM59TbvKa5,1
28164,kn0V-QKF-HZUYpMOxJ3X8jzM59TbvKa5,1
6128,kn0V-QKF-HZUYpMOxJ3X8jzM59TbvKa5,1
3136,kn0V-QKF-HZUYpMOxJ3X8jzM59TbvKa5,1
15069,kn0V-QKF-HZUYpMOxJ3X8jzM59TbvKa5,1
34022,kn0V-QKF-HZUYpMOxJ3X8jzM59TbvKa5,1
21073,kn0V-QKF-HZUYpMOxJ3X8jzM59TbvKa5,1
47141,kn0V-QKF-HZUYpMOxJ3X8jzM59TbvKa5,1
45106,kn0V-QKF-HZUYpMOxJ3X8jzM59TbvKa5,1
31174,kn0V-QKF-HZUYpMOxJ3X8jzM59TbvKa5,1
1014,kn0V-QKF-HZUYpMOxJ3X8jzM59TbvKa5,1
23018,kn0V-QKF-HZUYpMOxJ3X8jzM59TbvKa5,1
49234,kn0V-QKF-HZUYpMOxJ3X8jzM59TbvKa5,1
16156,kn0V-QKF-HZUYpMOxJ3X8jzM59TbvKa5,1
18024,kn0V-QKF-HZUYpMOxJ3X8jzM59TbvKa5,1
31033,kn0V-QKF-HZUYpMOxJ3X8jzM59TbvKa5,1
43026,kn0V-QKF-HZUYpMOxJ3X8jzM59TbvKa5,1
47021,kn0V-QKF-HZUYpMOxJ3X8jzM59TbvKa5,1
31125,kn0V-QKF-HZUYpMOxJ3X8jzM59TbvKa5,1
45181,kn0V-QKF-HZUYpMOxJ3X8jzM59TbvKa5,1
47056,kn0V-QKF-HZUYpMOxJ3X8jzM59TbvKa5,1
40046,kn0V-QKF-HZUYpMOxJ3X8jzM59TbvKa5,1
37106,kn0V-QKF-HZUYpMOxJ3X8jzM59TbvKa5,1
2011,kn0V-QKF-HZUYpMOxJ3X8jzM59TbvKa5,1
37215,kn0V-QKF-HZUYpMOxJ3X8jzM59TbvKa5,1
50091,kn0V-QKF-HZUYpMOxJ3X8jzM59TbvKa5,1
4053,kn0V-QKF-HZUYpMOxJ3X8jzM59TbvKa5,0
8279,kn0V-QKF-HZUYpMOxJ3X8jzM59TbvKa5,0
29025,kn0V-QKF-HZUYpMOxJ3X8jzM59TbvKa5,0
8180,kn0V-QKF-HZUYpMOxJ3X8jzM59TbvKa5,0
46184,kn0V-QKF-HZUYpMOxJ3X8jzM59TbvKa5,0
1002,kn0V-QKF-HZUYpMOxJ3X8jzM59TbvKa5,0
43037,kn0V-QKF-HZUYpMOxJ3X8jzM59TbvKa5,0
8266,kn0V-QKF-HZUYpMOxJ3X8jzM59TbvKa5,0
3102,kn0V-QKF-HZUYpMOxJ3X8jzM59TbvKa5,0
31097,kn0V-QKF-HZUYpMOxJ3X8jzM59TbvKa5,0
46193,kn0V-QKF-HZUYpMOxJ3X8jzM59TbvKa5,0
48017,kn0V-QKF-HZUYpMOxJ3X8jzM59TbvKa5,0
8194,kn0V-QKF-HZUYpMOxJ3X8jzM59TbvKa5,0
39016,kn0V-QKF-HZUYpMOxJ3X8jzM59TbvKa5,0
20040,kn0V-QKF-HZUYpMOxJ3X8jzM59TbvKa5,0
46169,kn0V-QKF-HZUYpMOxJ3X8jzM59TbvKa5,0
46223,kn0V-QKF-HZUYpMOxJ3X8jzM59TbvKa5,0
30037,kn0V-QKF-HZUYpMOxJ3X8jzM59TbvKa5,0
19058,kn0V-QKF-HZUYpMOxJ3X8jzM59TbvKa5,0
50095,kn0V-QKF-HZUYpMOxJ3X8jzM59TbvKa5,0
4066,kn0V-QKF-HZUYpMOxJ3X8jzM59TbvKa5,0
39079,kn0V-QKF-HZUYpMOxJ3X8jzM59TbvKa5,0
41007,kn0V-QKF-HZUYpMOxJ3X8jzM59TbvKa5,0
35002,kn0V-QKF-HZUYpMOxJ3X8jzM59TbvKa5,0
45066,kn0V-QKF-HZUYpMOxJ3X8jzM59TbvKa5,0
8147,kn0V-QKF-HZUYpMOxJ3X8jzM59TbvKa5,0
8270,kn0V-QKF-HZUYpMOxJ3X8jzM59TbvKa5,0
29901,kn0V-QKF-HZUYpMOxJ3X8jzM59TbvKa5,0
36045,kn0V-QKF-HZUYpMOxJ3X8jzM59TbvKa5,0
14049,kn0V-QKF-HZUYpMOxJ3X8jzM59TbvKa5,0
23009,kn0V-QKF-HZUYpMOxJ3X8jzM59TbvKa5,0
8217,kn0V-QKF-HZUYpMOxJ3X8jzM59TbvKa5,0
3089,kn0V-QKF-HZUYpMOxJ3X8jzM59TbvKa5,0
39021,kn0V-QKF-HZUYpMOxJ3X8jzM59TbvKa5,0
36050,kn0V-QKF-HZUYpMOxJ3X8jzM59TbvKa5,0
28172,kn0V-QKF-HZUYpMOxJ3X8jzM59TbvKa5,0
8302,kn0V-QKF-HZUYpMOxJ3X8jzM59TbvKa5,0
37274,kn0V-QKF-HZUYpMOxJ3X8jzM59TbvKa5,0
30036,kn0V-QKF-HZUYpMOxJ3X8jzM59TbvKa5,0
41011,kn0V-QKF-HZUYpMOxJ3X8jzM59TbvKa5,0
17147,kn0V-QKF-HZUYpMOxJ3X8jzM59TbvKa5,0
18175,kn0V-QKF-HZUYpMOxJ3X8jzM59TbvKa5,0
7054,kn0V-QKF-HZUYpMOxJ3X8jzM59TbvKa5,0
25120,kn0V-QKF-HZUYpMOxJ3X8jzM59TbvKa5,0
46214,kn0V-QKF-HZUYpMOxJ3X8jzM59TbvKa5,0
38040,kn0V-QKF-HZUYpMOxJ3X8jzM59TbvKa5,0
31901,kn0V-QKF-HZUYpMOxJ3X8jzM59TbvKa5,0
29069,kn0V-QKF-HZUYpMOxJ3X8jzM59TbvKa5,0
35026,kn0V-QKF-HZUYpMOxJ3X8jzM59TbvKa5,0
12032,kn0V-QKF-HZUYpMOxJ3X8jzM59TbvKa5,0
33011,kn0V-QKF-HZUYpMOxJ3X8jzM59TbvKa5,0
8202,kn0V-QKF-HZUYpMOxJ3X8jzM59TbvKa5,0
46145,kn0V-QKF-HZUYpMOxJ3X8jzM59TbvKa5,0
2003,kn0V-QKF-HZUYpMOxJ3X8jzM59TbvKa5,0
8121,kn0V-QKF-HZUYpMOxJ3X8jzM59TbvKa5,0
33004,kn0V-QKF-HZUYpMOxJ3X8jzM59TbvKa5,0
36041,kn0V-QKF-HZUYpMOxJ3X8jzM59TbvKa5,0
41021,kn0V-QKF-HZUYpMOxJ3X8jzM59TbvKa5,0
46181,kn0V-QKF-HZUYpMOxJ3X8jzM59TbvKa5,0
29051,kn0V-QKF-HZUYpMOxJ3X8jzM59TbvKa5,0
18003,kn0V-QKF-HZUYpMOxJ3X8jzM59TbvKa5,0
50272,kn0V-QKF-HZUYpMOxJ3X8jzM59TbvKa5,0
20018,kn0V-QKF-HZUYpMOxJ3X8jzM59TbvKa5,0
14002,kn0V-QKF-HZUYpMOxJ3X8jzM59TbvKa5,0
9018,kn0V-QKF-HZUYpMOxJ3X8jzM59TbvKa5,0
48046,kn0V-QKF-HZUYpMOxJ3X8jzM59TbvKa5,0
24010,kn0V-QKF-HZUYpMOxJ3X8jzM59TbvKa5,0
31212,kn0V-QKF-HZUYpMOxJ3X8jzM59TbvKa5,0
44216,kn0V-QKF-HZUYpMOxJ3X8jzM59TbvKa5,0
8157,kn0V-QKF-HZUYpMOxJ3X8jzM59TbvKa5,0
3066,kn0V-QKF-HZUYpMOxJ3X8jzM59TbvKa5,0
3047,kn0V-QKF-HZUYpMOxJ3X8jzM59TbvKa5,0
41004,kn0V-QKF-HZUYpMOxJ3X8jzM59TbvKa5,0
33031,kn0V-QKF-HZUYpMOxJ3X8jzM59TbvKa5,0
30038,kn0V-QKF-HZUYpMOxJ3X8jzM59TbvKa5,0
28096,kn0V-QKF-HZUYpMOxJ3X8jzM59TbvKa5,0
7036,kn0V-QKF-HZUYpMOxJ3X8jzM59TbvKa5,0
38001,kn0V-QKF-HZUYpMOxJ3X8jzM59TbvKa5,0
38006,kn0V-QKF-HZUYpMOxJ3X8jzM59TbvKa5,0
8015,kn0V-QKF-HZUYpMOxJ3X8jzM59TbvKa5,0
28131,kn0V-QKF-HZUYpMOxJ3X8jzM59TbvKa5,0
30901,kn0V-QKF-HZUYpMOxJ3X8jzM59TbvKa5,0
35011,kn0V-QKF-HZUYpMOxJ3X8jzM59TbvKa5,0
3082,kn0V-QKF-HZUYpMOxJ3X8jzM59TbvKa5,0
35023,kn0V-QKF-HZUYpMOxJ3X8jzM59TbvKa5,0
8077,kn0V-QKF-HZUYpMOxJ3X8jzM59TbvKa5,0
43092,kn0V-QKF-HZUYpMOxJ3X8jzM59TbvKa5,0
4029,kn0V-QKF-HZUYpMOxJ3X8jzM59TbvKa5,0
8074,kn0V-QKF-HZUYpMOxJ3X8jzM59TbvKa5,0
30016,kn0V-QKF-HZUYpMOxJ3X8jzM59TbvKa5,0
36033,kn0V-QKF-HZUYpMOxJ3X8jzM59TbvKa5,0
28113,kn0V-QKF-HZUYpMOxJ3X8jzM59TbvKa5,0
7042,kn0V-QKF-HZUYpMOxJ3X8jzM59TbvKa5,0
46230,kn0V-QKF-HZUYpMOxJ3X8jzM59TbvKa5,0
41034,kn0V-QKF-HZUYpMOxJ3X8jzM59TbvKa5,0
8019,kn0V-QKF-HZUYpMOxJ3X8jzM59TbvKa5,0
37294,kn0V-QKF-HZUYpMOxJ3X8jzM59TbvKa5,0
8051,kn0V-QKF-HZUYpMOxJ3X8jzM59TbvKa5,0
38011,kn0V-QKF-HZUYpMOxJ3X8jzM59TbvKa5,0
8073,kn0V-QKF-HZUYpMOxJ3X8jzM59TbvKa5,0
50240,CeBd-6cy-PR3EeQQn4VVLAqzwi7RxNy4,1
50046,CeBd-6cy-PR3EeQQn4VVLAqzwi7RxNy4,1
37046,CeBd-6cy-PR3EeQQn4VVLAqzwi7RxNy4,1
16165,CeBd-6cy-PR3EeQQn4VVLAqzwi7RxNy4,1
22187,CeBd-6cy-PR3EeQQn4VVLAqzwi7RxNy4,1
27052,CeBd-6cy-PR3EeQQn4VVLAqzwi7RxNy4,1
25136,CeBd-6cy-PR3EeQQn4VVLAqzwi7RxNy4,1
10117,CeBd-6cy-PR3EeQQn4VVLAqzwi7RxNy4,1
37212,CeBd-6cy-PR3EeQQn4VVLAqzwi7RxNy4,1
36026,CeBd-6cy-PR3EeQQn4VVLAqzwi7RxNy4,1
28163,CeBd-6cy-PR3EeQQn4VVLAqzwi7RxNy4,1
9166,CeBd-6cy-PR3EeQQn4VVLAqzwi7RxNy4,1
39047,CeBd-6cy-PR3EeQQn4VVLAqzwi7RxNy4,1
28032,CeBd-6cy-PR3EeQQn4VVLAqzwi7RxNy4,1
26008,CeBd-6cy-PR3EeQQn4VVLAqzwi7RxNy4,1
20062,CeBd-6cy-PR3EeQQn4VVLAqzwi7RxNy4,1
26173,CeBd-6cy-PR3EeQQn4VVLAqzwi7RxNy4,1
9202,CeBd-6cy-PR3EeQQn4VVLAqzwi7RxNy4,1
7063,CeBd-6cy-PR3EeQQn4VVLAqzwi7RxNy4,1
40028,CeBd-6cy-PR3EeQQn4VVLAqzwi7RxNy4,1
15065,CeBd-6cy-PR3EeQQn4VVLAqzwi7RxNy4,1
26130,CeBd-6cy-PR3EeQQn4VVLAqzwi7RxNy4,1
43147,CeBd-6cy-PR3EeQQn4VVLAqzwi7RxNy4,1
17030,CeBd-6cy-PR3EeQQn4VVLAqzwi7RxNy4,1
10091,CeBd-6cy-PR3EeQQn4VVLAqzwi7RxNy4,1
3025,CeBd-6cy-PR3EeQQn4VVLAqzwi7RxNy4,1
12118,CeBd-6cy-PR3EeQQn4VVLAqzwi7RxNy4,1
50080,CeBd-6cy-PR3EeQQn4VVLAqzwi7RxNy4,1
45004,CeBd-6cy-PR3EeQQn4VVLAqzwi7RxNy4,1
31140,CeBd-6cy-PR3EeQQn4VVLAqzwi7RxNy4,1
45063,CeBd-6cy-PR3EeQQn4VVLAqzwi7RxNy4,1
43152,CeBd-6cy-PR3EeQQn4VVLAqzwi7RxNy4,1
33033,CeBd-6cy-PR3EeQQn4VVLAqzwi7RxNy4,1
16031,CeBd-6cy-PR3EeQQn4VVLAqzwi7RxNy4,1
49249,CeBd-6cy-PR3EeQQn4VVLAqzwi7RxNy4,1
4015,CeBd-6cy-PR3EeQQn4VVLAqzwi7RxNy4,1
49149,CeBd-6cy-PR3EeQQn4VVLAqzwi7RxNy4,1
22042,CeBd-6cy-PR3EeQQn4VVLAqzwi7RxNy4,1
3053,CeBd-6cy-PR3EeQQn4VVLAqzwi7RxNy4,1
24096,CeBd-6cy-PR3EeQQn4VVLAqzwi7RxNy4,1
20058,CeBd-6cy-PR3EeQQn4VVLAqzwi7RxNy4,1
43098,CeBd-6cy-PR3EeQQn4VVLAqzwi7RxNy4,1
44029,CeBd-6cy-PR3EeQQn4VVLAqzwi7RxNy4,1
8078,CeBd-6cy-PR3EeQQn4VVLAqzwi7RxNy4,1
47092,CeBd-6cy-PR3EeQQn4VVLAqzwi7RxNy4,1
16269,CeBd-6cy-PR3EeQQn4VVLAqzwi7RxNy4,1
37047,CeBd-6cy-PR3EeQQn4VVLAqzwi7RxNy4,1
3130,CeBd-6cy-PR3EeQQn4VVLAqzwi7RxNy4,1
41031,CeBd-6cy-PR3EeQQn4VVLAqzwi7RxNy4,1
2044,CeBd-6cy-PR3EeQQn4VVLAqzwi7RxNy4,1
5233,CeBd-6cy-PR3EeQQn4VVLAqzwi7RxNy4,1
21066,CeBd-6cy-PR3EeQQn4VVLAqzwi7RxNy4,1
9184,CeBd-6cy-PR3EeQQn4VVLAqzwi7RxNy4,1
25124,CeBd-6cy-PR3EeQQn4VVLAqzwi7RxNy4,1
9105,CeBd-6cy-PR3EeQQn4VVLAqzwi7RxNy4,1
9483,CeBd-6cy-PR3EeQQn4VVLAqzwi7RxNy4,1
22044,CeBd-6cy-PR3EeQQn4VVLAqzwi7RxNy4,1
43007,CeBd-6cy-PR3EeQQn4VVLAqzwi7RxNy4,1
5267,CeBd-6cy-PR3EeQQn4VVLAqzwi7RxNy4,1
4041,CeBd-6cy-PR3EeQQn4VVLAqzwi7RxNy4,1
16087,CeBd-6cy-PR3EeQQn4VVLAqzwi7RxNy4,1
22018,CeBd-6cy-PR3EeQQn4VVLAqzwi7RxNy4,1
16174,CeBd-6cy-PR3EeQQn4VVLAqzwi7RxNy4,1
38031,CeBd-6cy-PR3EeQQn4VVLAqzwi7RxNy4,1
4070,CeBd-6cy-PR3EeQQn4VVLAqzwi7RxNy4,1
45204,CeBd-6cy-PR3EeQQn4VVLAqzwi7RxNy4,1
9088,CeBd-6cy-PR3EeQQn4VVLAqzwi7RxNy4,1
8192,CeBd-6cy-PR3EeQQn4VVLAqzwi7RxNy4,1
16134,CeBd-6cy-PR3EeQQn4VVLAqzwi7RxNy4,1
16011,CeBd-6cy-PR3EeQQn4VVLAqzwi7RxNy4,1
25036,CeBd-6cy-PR3EeQQn4VVLAqzwi7RxNy4,1
37042,CeBd-6cy-PR3EeQQn4VVLAqzwi7RxNy4,1
31238,CeBd-6cy-PR3EeQQn4VVLAqzwi7RxNy4,1
27901,CeBd-6cy-PR3EeQQn4VVLAqzwi7RxNy4,1
2055,CeBd-6cy-PR3EeQQn4VVLAqzwi7RxNy4,1
15082,CeBd-6cy-PR3EeQQn4VVLAqzwi7RxNy4,1
8043,CeBd-6cy-PR3EeQQn4VVLAqzwi7RxNy4,1
46256,CeBd-6cy-PR3EeQQn4VVLAqzwi7RxNy4,1
4008,CeBd-6cy-PR3EeQQn4VVLAqzwi7RxNy4,1
5218,CeBd-6cy-PR3EeQQn4VVLAqzwi7RxNy4,1
25125,CeBd-6cy-PR3EeQQn4VVLAqzwi7RxNy4,1
4062,CeBd-6cy-PR3EeQQn4VVLAqzwi7RxNy4,1
47232,CeBd-6cy-PR3EeQQn4VVLAqzwi7RxNy4,1
40170,CeBd-6cy-PR3EeQQn4VVLAqzwi7RxNy4,1
22090,CeBd-6cy-PR3EeQQn4VVLAqzwi7RxNy4,1
50166,CeBd-6cy-PR3EeQQn4VVLAqzwi7RxNy4,1
37088,CeBd-6cy-PR3EeQQn4VVLAqzwi7RxNy4,1
24019,CeBd-6cy-PR3EeQQn4VVLAqzwi7RxNy4,1
5149,CeBd-6cy-PR3EeQQn4VVLAqzwi7RxNy4,1
20010,CeBd-6cy-PR3EeQQn4VVLAqzwi7RxNy4,1
40068,CeBd-6cy-PR3EeQQn4VVLAqzwi7RxNy4,1
9013,CeBd-6cy-PR3EeQQn4VVLAqzwi7RxNy4,1
12124,CeBd-6cy-PR3EeQQn4VVLAqzwi7RxNy4,1
32073,CeBd-6cy-PR3EeQQn4VVLAqzwi7RxNy4,1
49050,CeBd-6cy-PR3EeQQn4VVLAqzwi7RxNy4,1
7039,CeBd-6cy-PR3EeQQn4VVLAqzwi7RxNy4,1
6044,CeBd-6cy-PR3EeQQn4VVLAqzwi7RxNy4,1
27018,CeBd-6cy-PR3EeQQn4VVLAqzwi7RxNy4,1
27031,CeBd-6cy-PR3EeQQn4VVLAqzwi7RxNy4,1
5231,CeBd-6cy-PR3EeQQn4VVLAqzwi7RxNy4,1
30016,CeBd-6cy-PR3EeQQn4VVLAqzwi7RxNy4,0
19130,CeBd-6cy-PR3EeQQn4VVLAqzwi7RxNy4,0
17079,CeBd-6cy-PR3EeQQn4VVLAqzwi7RxNy4,0
38038,CeBd-6cy-PR3EeQQn4VVLAqzwi7RxNy4,0
50297,CeBd-6cy-PR3EeQQn4VVLAqzwi7RxNy4,0
48013,CeBd-6cy-PR3EeQQn4VVLAqzwi7RxNy4,0
24089,CeBd-6cy-PR3EeQQn4VVLAqzwi7RxNy4,0
28049,CeBd-6cy-PR3EeQQn4VVLAqzwi7RxNy4,0
36057,CeBd-6cy-PR3EeQQn4VVLAqzwi7RxNy4,0
28005,CeBd-6cy-PR3EeQQn4VVLAqzwi7RxNy4,0
13034,CeBd-6cy-PR3EeQQn4VVLAqzwi7RxNy4,0
29054,CeBd-6cy-PR3EeQQn4VVLAqzwi7RxNy4,0
12040,CeBd-6cy-PR3EeQQn4VVLAqzwi7RxNy4,0
3099,CeBd-6cy-PR3EeQQn4VVLAqzwi7RxNy4,0
46244,CeBd-6cy-PR3EeQQn4VVLAqzwi7RxNy4,0
41038,CeBd-6cy-PR3EeQQn4VVLAqzwi7RxNy4,0
30027,CeBd-6cy-PR3EeQQn4VVLAqzwi7RxNy4,0
38006,CeBd-6cy-PR3EeQQn4VVLAqzwi7RxNy4,0
8279,CeBd-6cy-PR3EeQQn4VVLAqzwi7RxNy4,0
33044,CeBd-6cy-PR3EeQQn4VVLAqzwi7RxNy4,0
3133,CeBd-6cy-PR3EeQQn4VVLAqzwi7RxNy4,0
28148,CeBd-6cy-PR3EeQQn4VVLAqzwi7RxNy4,0
41004,CeBd-6cy-PR3EeQQn4VVLAqzwi7RxNy4,0
28079,CeBd-6cy-PR3EeQQn4VVLAqzwi7RxNy4,0
27028,CeBd-6cy-PR3EeQQn4VVLAqzwi7RxNy4,0
36038,CeBd-6cy-PR3EeQQn4VVLAqzwi7RxNy4,0
28080,CeBd-6cy-PR3EeQQn4VVLAqzwi7RxNy4,0
15030,CeBd-6cy-PR3EeQQn4VVLAqzwi7RxNy4,0
32054,CeBd-6cy-PR3EeQQn4VVLAqzwi7RxNy4,0
28127,CeBd-6cy-PR3EeQQn4VVLAqzwi7RxNy4,0
28058,CeBd-6cy-PR3EeQQn4VVLAqzwi7RxNy4,0
11027,CeBd-6cy-PR3EeQQn4VVLAqzwi7RxNy4,0
21041,CeBd-6cy-PR3EeQQn4VVLAqzwi7RxNy4,0
35016,CeBd-6cy-PR3EeQQn4VVLAqzwi7RxNy4,0
28092,CeBd-6cy-PR3EeQQn4VVLAqzwi7RxNy4,0
11012,CeBd-6cy-PR3EeQQn4VVLAqzwi7RxNy4,0
7040,CeBd-6cy-PR3EeQQn4VVLAqzwi7RxNy4,0
11020,CeBd-6cy-PR3EeQQn4VVLAqzwi7RxNy4,0
18087,CeBd-6cy-PR3EeQQn4VVLAqzwi7RxNy4,0
4079,CeBd-6cy-PR3EeQQn4VVLAqzwi7RxNy4,0
29094,CeBd-6cy-PR3EeQQn4VVLAqzwi7RxNy4,0
9059,CeBd-6cy-PR3EeQQn4VVLAqzwi7RxNy4,0
11004,CeBd-6cy-PR3EeQQn4VVLAqzwi7RxNy4,0
38023,CeBd-6cy-PR3EeQQn4VVLAqzwi7RxNy4,0
4902,CeBd-6cy-PR3EeQQn4VVLAqzwi7RxNy4,0
35026,CeBd-6cy-PR3EeQQn4VVLAqzwi7RxNy4,0
48020,CeBd-6cy-PR3EeQQn4VVLAqzwi7RxNy4,0
3065,CeBd-6cy-PR3EeQQn4VVLAqzwi7RxNy4,0
29070,CeBd-6cy-PR3EeQQn4VVLAqzwi7RxNy4,0
46131,CeBd-6cy-PR3EeQQn4VVLAqzwi7RxNy4,0
52001,CeBd-6cy-PR3EeQQn4VVLAqzwi7RxNy4,0
51001,CeBd-6cy-PR3EeQQn4VVLAqzwi7RxNy4,0
28007,CeBd-6cy-PR3EeQQn4VVLAqzwi7RxNy4,0
20069,CeBd-6cy-PR3EeQQn4VVLAqzwi7RxNy4,0
45165,CeBd-6cy-PR3EeQQn4VVLAqzwi7RxNy4,0
35022,CeBd-6cy-PR3EeQQn4VVLAqzwi7RxNy4,0
28106,CeBd-6cy-PR3EeQQn4VVLAqzwi7RxNy4,0
37274,CeBd-6cy-PR3EeQQn4VVLAqzwi7RxNy4,0
41091,CeBd-6cy-PR3EeQQn4VVLAqzwi7RxNy4,0
11015,CeBd-6cy-PR3EeQQn4VVLAqzwi7RxNy4,0
29051,CeBd-6cy-PR3EeQQn4VVLAqzwi7RxNy4,0
23050,CeBd-6cy-PR3EeQQn4VVLAqzwi7RxNy4,0
10037,CeBd-6cy-PR3EeQQn4VVLAqzwi7RxNy4,0
8015,CeBd-6cy-PR3EeQQn4VVLAqzwi7RxNy4,0
39075,CeBd-6cy-PR3EeQQn4VVLAqzwi7RxNy4,0
8121,CeBd-6cy-PR3EeQQn4VVLAqzwi7RxNy4,0
48044,CeBd-6cy-PR3EeQQn4VVLAqzwi7RxNy4,0
47186,CeBd-6cy-PR3EeQQn4VVLAqzwi7RxNy4,0
8073,CeBd-6cy-PR3EeQQn4VVLAqzwi7RxNy4,0
8200,CeBd-6cy-PR3EeQQn4VVLAqzwi7RxNy4,0
28134,CeBd-6cy-PR3EeQQn4VVLAqzwi7RxNy4,0
31201,CeBd-6cy-PR3EeQQn4VVLAqzwi7RxNy4,0
8245,CeBd-6cy-PR3EeQQn4VVLAqzwi7RxNy4,0
2003,CeBd-6cy-PR3EeQQn4VVLAqzwi7RxNy4,0
45168,CeBd-6cy-PR3EeQQn4VVLAqzwi7RxNy4,0
29025,CeBd-6cy-PR3EeQQn4VVLAqzwi7RxNy4,0
30024,CeBd-6cy-PR3EeQQn4VVLAqzwi7RxNy4,0
8205,CeBd-6cy-PR3EeQQn4VVLAqzwi7RxNy4,0
33004,CeBd-6cy-PR3EeQQn4VVLAqzwi7RxNy4,0
43123,CeBd-6cy-PR3EeQQn4VVLAqzwi7RxNy4,0
46250,CeBd-6cy-PR3EeQQn4VVLAqzwi7RxNy4,0
28123,CeBd-6cy-PR3EeQQn4VVLAqzwi7RxNy4,0
1059,CeBd-6cy-PR3EeQQn4VVLAqzwi7RxNy4,0
4013,CeBd-6cy-PR3EeQQn4VVLAqzwi7RxNy4,0
28006,CeBd-6cy-PR3EeQQn4VVLAqzwi7RxNy4,0
43148,CeBd-6cy-PR3EeQQn4VVLAqzwi7RxNy4,0
33024,CeBd-6cy-PR3EeQQn4VVLAqzwi7RxNy4,0
25120,CeBd-6cy-PR3EeQQn4VVLAqzwi7RxNy4,0
29067,CeBd-6cy-PR3EeQQn4VVLAqzwi7RxNy4,0
34120,CeBd-6cy-PR3EeQQn4VVLAqzwi7RxNy4,0
46190,CeBd-6cy-PR3EeQQn4VVLAqzwi7RxNy4,0
15078,CeBd-6cy-PR3EeQQn4VVLAqzwi7RxNy4,0
26089,CeBd-6cy-PR3EeQQn4VVLAqzwi7RxNy4,0
14021,CeBd-6cy-PR3EeQQn4VVLAqzwi7RxNy4,0
8184,CeBd-6cy-PR3EeQQn4VVLAqzwi7RxNy4,0
8113,CeBd-6cy-PR3EeQQn4VVLAqzwi7RxNy4,0
29069,CeBd-6cy-PR3EeQQn4VVLAqzwi7RxNy4,0
11031,CeBd-6cy-PR3EeQQn4VVLAqzwi7RxNy4,0
8101,CeBd-6cy-PR3EeQQn4VVLAqzwi7RxNy4,0
28074,CeBd-6cy-PR3EeQQn4VVLAqzwi7RxNy4,0
40223,LLM6-Kuq-TpiQBUBqBCmCstl2TtkIQFP,1
46224,LLM6-Kuq-TpiQBUBqBCmCstl2TtkIQFP,1
50043,LLM6-Kuq-TpiQBUBqBCmCstl2TtkIQFP,1
31256,LLM6-Kuq-TpiQBUBqBCmCstl2TtkIQFP,1
44041,LLM6-Kuq-TpiQBUBqBCmCstl2TtkIQFP,1
48910,LLM6-Kuq-TpiQBUBqBCmCstl2TtkIQFP,1
28089,LLM6-Kuq-TpiQBUBqBCmCstl2TtkIQFP,1
26011,LLM6-Kuq-TpiQBUBqBCmCstl2TtkIQFP,1
8010,LLM6-Kuq-TpiQBUBqBCmCstl2TtkIQFP,1
8178,LLM6-Kuq-TpiQBUBqBCmCstl2TtkIQFP,1
42144,LLM6-Kuq-TpiQBUBqBCmCstl2TtkIQFP,1
37149,LLM6-Kuq-TpiQBUBqBCmCstl2TtkIQFP,1
9329,LLM6-Kuq-TpiQBUBqBCmCstl2TtkIQFP,1
40122,LLM6-Kuq-TpiQBUBqBCmCstl2TtkIQFP,1
43047,LLM6-Kuq-TpiQBUBqBCmCstl2TtkIQFP,1
24133,LLM6-Kuq-TpiQBUBqBCmCstl2TtkIQFP,1
48007,LLM6-Kuq-TpiQBUBqBCmCstl2TtkIQFP,1
2034,LLM6-Kuq-TpiQBUBqBCmCstl2TtkIQFP,1
37015,LLM6-Kuq-TpiQBUBqBCmCstl2TtkIQFP,1
19134,LLM6-Kuq-TpiQBUBqBCmCstl2TtkIQFP,1
15093,LLM6-Kuq-TpiQBUBqBCmCstl2TtkIQFP,1
14034,LLM6-Kuq-TpiQBUBqBCmCstl2TtkIQFP,1
17103,LLM6-Kuq-TpiQBUBqBCmCstl2TtkIQFP,1
23018,LLM6-Kuq-TpiQBUBqBCmCstl2TtkIQFP,1
14042,LLM6-Kuq-TpiQBUBqBCmCstl2TtkIQFP,1
10057,LLM6-Kuq-TpiQBUBqBCmCstl2TtkIQFP,1
17151,LLM6-Kuq-TpiQBUBqBCmCstl2TtkIQFP,1
3005,LLM6-Kuq-TpiQBUBqBCmCstl2TtkIQFP,1
28078,LLM6-Kuq-TpiQBUBqBCmCstl2TtkIQFP,1
34048,LLM6-Kuq-TpiQBUBqBCmCstl2TtkIQFP,1
22058,LLM6-Kuq-TpiQBUBqBCmCstl2TtkIQFP,1
40120,LLM6-Kuq-TpiQBUBqBCmCstl2TtkIQFP,1
48008,LLM6-Kuq-TpiQBUBqBCmCstl2TtkIQFP,1
42202,LLM6-Kuq-TpiQBUBqBCmCstl2TtkIQFP,1
3115,LLM6-Kuq-TpiQBUBqBCmCstl2TtkIQFP,1
12083,LLM6-Kuq-TpiQBUBqBCmCstl2TtkIQFP,1
45179,LLM6-Kuq-TpiQBUBqBCmCstl2TtkIQFP,1
43086,LLM6-Kuq-TpiQBUBqBCmCstl2TtkIQFP,1
26076,LLM6-Kuq-TpiQBUBqBCmCstl2TtkIQFP,1
47101,LLM6-Kuq-TpiQBUBqBCmCstl2TtkIQFP,1
48006,LLM6-Kuq-TpiQBUBqBCmCstl2TtkIQFP,1
17207,LLM6-Kuq-TpiQBUBqBCmCstl2TtkIQFP,1
50036,LLM6-Kuq-TpiQBUBqBCmCstl2TtkIQFP,1
17125,LLM6-Kuq-TpiQBUBqBCmCstl2TtkIQFP,1
18133,LLM6-Kuq-TpiQBUBqBCmCstl2TtkIQFP,1
12095,LLM6-Kuq-TpiQBUBqBCmCstl2TtkIQFP,1
17012,LLM6-Kuq-TpiQBUBqBCmCstl2TtkIQFP,1
22129,LLM6-Kuq-TpiQBUBqBCmCstl2TtkIQFP,1
50053,LLM6-Kuq-TpiQBUBqBCmCstl2TtkIQFP,1
50133,LLM6-Kuq-TpiQBUBqBCmCstl2TtkIQFP,1
9377,LLM6-Kuq-TpiQBUBqBCmCstl2TtkIQFP,1
36023,LLM6-Kuq-TpiQBUBqBCmCstl2TtkIQFP,1
23094,LLM6-Kuq-TpiQBUBqBCmCstl2TtkIQFP,1
37360,LLM6-Kuq-TpiQBUBqBCmCstl2TtkIQFP,1
14018,LLM6-Kuq-TpiQBUBqBCmCstl2TtkIQFP,1
50269,LLM6-Kuq-TpiQBUBqBCmCstl2TtkIQFP,1
49059,LLM6-Kuq-TpiQBUBqBCmCstl2TtkIQFP,1
43074,LLM6-Kuq-TpiQBUBqBCmCstl2TtkIQFP,1
37184,LLM6-Kuq-TpiQBUBqBCmCstl2TtkIQFP,1
31154,LLM6-Kuq-TpiQBUBqBCmCstl2TtkIQFP,1
17230,LLM6-Kuq-TpiQBUBqBCmCstl2TtkIQFP,1
46097,LLM6-Kuq-TpiQBUBqBCmCstl2TtkIQFP,1
47064,LLM6-Kuq-TpiQBUBqBCmCstl2TtkIQFP,1
44174,LLM6-Kuq-TpiQBUBqBCmCstl2TtkIQFP,1
38018,LLM6-Kuq-TpiQBUBqBCmCstl2TtkIQFP,1
34066,LLM6-Kuq-TpiQBUBqBCmCstl2TtkIQFP,1
30028,LLM6-Kuq-TpiQBUBqBCmCstl2TtkIQFP,1
25240,LLM6-Kuq-TpiQBUBqBCmCstl2TtkIQFP,1
18021,LLM6-Kuq-TpiQBUBqBCmCstl2TtkIQFP,1
9295,LLM6-Kuq-TpiQBUBqBCmCstl2TtkIQFP,1
26135,LLM6-Kuq-TpiQBUBqBCmCstl2TtkIQFP,1
25180,LLM6-Kuq-TpiQBUBqBCmCstl2TtkIQFP,1
22178,LLM6-Kuq-TpiQBUBqBCmCstl2TtkIQFP,1
41096,LLM6-Kuq-TpiQBUBqBCmCstl2TtkIQFP,1
26040,LLM6-Kuq-TpiQBUBqBCmCstl2TtkIQFP,1
37276,LLM6-Kuq-TpiQBUBqBCmCstl2TtkIQFP,1
10144,LLM6-Kuq-TpiQBUBqBCmCstl2TtkIQFP,1
32010,LLM6-Kuq-TpiQBUBqBCmCstl2TtkIQFP,1
36020,LLM6-Kuq-TpiQBUBqBCmCstl2TtkIQFP,1
30902,LLM6-Kuq-TpiQBUBqBCmCstl2TtkIQFP,1
50199,LLM6-Kuq-TpiQBUBqBCmCstl2TtkIQFP,1
43046,LLM6-Kuq-TpiQBUBqBCmCstl2TtkIQFP,1
26148,LLM6-Kuq-TpiQBUBqBCmCstl2TtkIQFP,1
9110,LLM6-Kuq-TpiQBUBqBCmCstl2TtkIQFP,1
6045,LLM6-Kuq-TpiQBUBqBCmCstl2TtkIQFP,1
36015,LLM6-Kuq-TpiQBUBqBCmCstl2TtkIQFP,1
40230,LLM6-Kuq-TpiQBUBqBCmCstl2TtkIQFP,1
5176,LLM6-Kuq-TpiQBUBqBCmCstl2TtkIQFP,1
33040,LLM6-Kuq-TpiQBUBqBCmCstl2TtkIQFP,1
4078,LLM6-Kuq-TpiQBUBqBCmCstl2TtkIQFP,1
15074,LLM6-Kuq-TpiQBUBqBCmCstl2TtkIQFP,1
17133,LLM6-Kuq-TpiQBUBqBCmCstl2TtkIQFP,1
26177,LLM6-Kuq-TpiQBUBqBCmCstl2TtkIQFP,1
16051,LLM6-Kuq-TpiQBUBqBCmCstl2TtkIQFP,1
21023,LLM6-Kuq-TpiQBUBqBCmCstl2TtkIQFP,1
46191,LLM6-Kuq-TpiQBUBqBCmCstl2TtkIQFP,1
49232,LLM6-Kuq-TpiQBUBqBCmCstl2TtkIQFP,1
5085,LLM6-Kuq-TpiQBUBqBCmCstl2TtkIQFP,1
25128,LLM6-Kuq-TpiQBUBqBCmCstl2TtkIQFP,1
49064,LLM6-Kuq-TpiQBUBqBCmCstl2TtkIQFP,1
8101,LLM6-Kuq-TpiQBUBqBCmCstl2TtkIQFP,0
3014,LLM6-Kuq-TpiQBUBqBCmCstl2TtkIQFP,0
7040,LLM6-Kuq-TpiQBUBqBCmCstl2TtkIQFP,0
8019,LLM6-Kuq-TpiQBUBqBCmCstl2TtkIQFP,0
31201,LLM6-Kuq-TpiQBUBqBCmCstl2TtkIQFP,0
29067,LLM6-Kuq-TpiQBUBqBCmCstl2TtkIQFP,0
33024,LLM6-Kuq-TpiQBUBqBCmCstl2TtkIQFP,0
30016,LLM6-Kuq-TpiQBUBqBCmCstl2TtkIQFP,0
1059,LLM6-Kuq-TpiQBUBqBCmCstl2TtkIQFP,0
28092,LLM6-Kuq-TpiQBUBqBCmCstl2TtkIQFP,0
38038,LLM6-Kuq-TpiQBUBqBCmCstl2TtkIQFP,0
18087,LLM6-Kuq-TpiQBUBqBCmCstl2TtkIQFP,0
47186,LLM6-Kuq-TpiQBUBqBCmCstl2TtkIQFP,0
48020,LLM6-Kuq-TpiQBUBqBCmCstl2TtkIQFP,0
33044,LLM6-Kuq-TpiQBUBqBCmCstl2TtkIQFP,0
35016,LLM6-Kuq-TpiQBUBqBCmCstl2TtkIQFP,0
8279,LLM6-Kuq-TpiQBUBqBCmCstl2TtkIQFP,0
11020,LLM6-Kuq-TpiQBUBqBCmCstl2TtkIQFP,0
30030,LLM6-Kuq-TpiQBUBqBCmCstl2TtkIQFP,0
14021,LLM6-Kuq-TpiQBUBqBCmCstl2TtkIQFP,0
15030,LLM6-Kuq-TpiQBUBqBCmCstl2TtkIQFP,0
46250,LLM6-Kuq-TpiQBUBqBCmCstl2TtkIQFP,0
4013,LLM6-Kuq-TpiQBUBqBCmCstl2TtkIQFP,0
36057,LLM6-Kuq-TpiQBUBqBCmCstl2TtkIQFP,0
8187,LLM6-Kuq-TpiQBUBqBCmCstl2TtkIQFP,0
1049,LLM6-Kuq-TpiQBUBqBCmCstl2TtkIQFP,0
45188,LLM6-Kuq-TpiQBUBqBCmCstl2TtkIQFP,0
17099,LLM6-Kuq-TpiQBUBqBCmCstl2TtkIQFP,0
27007,LLM6-Kuq-TpiQBUBqBCmCstl2TtkIQFP,0
19011,LLM6-Kuq-TpiQBUBqBCmCstl2TtkIQFP,0
43101,LLM6-Kuq-TpiQBUBqBCmCstl2TtkIQFP,0
24185,LLM6-Kuq-TpiQBUBqBCmCstl2TtkIQFP,0
47188,LLM6-Kuq-TpiQBUBqBCmCstl2TtkIQFP,0
9389,LLM6-Kuq-TpiQBUBqBCmCstl2TtkIQFP,0
50074,LLM6-Kuq-TpiQBUBqBCmCstl2TtkIQFP,0
2021,LLM6-Kuq-TpiQBUBqBCmCstl2TtkIQFP,0
19216,LLM6-Kuq-TpiQBUBqBCmCstl2TtkIQFP,0
41068,LLM6-Kuq-TpiQBUBqBCmCstl2TtkIQFP,0
32029,LLM6-Kuq-TpiQBUBqBCmCstl2TtkIQFP,0
46031,LLM6-Kuq-TpiQBUBqBCmCstl2TtkIQFP,0
50033,LLM6-Kuq-TpiQBUBqBCmCstl2TtkIQFP,0
14013,LLM6-Kuq-TpiQBUBqBCmCstl2TtkIQFP,0
18903,LLM6-Kuq-TpiQBUBqBCmCstl2TtkIQFP,0
41056,LLM6-Kuq-TpiQBUBqBCmCstl2TtkIQFP,0
19184,LLM6-Kuq-TpiQBUBqBCmCstl2TtkIQFP,0
50006,LLM6-Kuq-TpiQBUBqBCmCstl2TtkIQFP,0
44085,LLM6-Kuq-TpiQBUBqBCmCstl2TtkIQFP,0
9178,LLM6-Kuq-TpiQBUBqBCmCstl2TtkIQFP,0
6111,LLM6-Kuq-TpiQBUBqBCmCstl2TtkIQFP,0
5148,LLM6-Kuq-TpiQBUBqBCmCstl2TtkIQFP,0
39059,LLM6-Kuq-TpiQBUBqBCmCstl2TtkIQFP,0
37018,LLM6-Kuq-TpiQBUBqBCmCstl2TtkIQFP,0
50199,LLM6-Kuq-TpiQBUBqBCmCstl2TtkIQFP,0
18158,LLM6-Kuq-TpiQBUBqBCmCstl2TtkIQFP,0
17075,LLM6-Kuq-TpiQBUBqBCmCstl2TtkIQFP,0
12107,LLM6-Kuq-TpiQBUBqBCmCstl2TtkIQFP,0
17012,LLM6-Kuq-TpiQBUBqBCmCstl2TtkIQFP,0
47019,LLM6-Kuq-TpiQBUBqBCmCstl2TtkIQFP,0
28001,LLM6-Kuq-TpiQBUBqBCmCstl2TtkIQFP,0
46157,LLM6-Kuq-TpiQBUBqBCmCstl2TtkIQFP,0
47074,LLM6-Kuq-TpiQBUBqBCmCstl2TtkIQFP,0
5267,LLM6-Kuq-TpiQBUBqBCmCstl2TtkIQFP,0
48030,LLM6-Kuq-TpiQBUBqBCmCstl2TtkIQFP,0
40037,LLM6-Kuq-TpiQBUBqBCmCstl2TtkIQFP,0
31263,LLM6-Kuq-TpiQBUBqBCmCstl2TtkIQFP,0
16218,LLM6-Kuq-TpiQBUBqBCmCstl2TtkIQFP,0
46236,LLM6-Kuq-TpiQBUBqBCmCstl2TtkIQFP,0
22111,LLM6-Kuq-TpiQBUBqBCmCstl2TtkIQFP,0
25142,LLM6-Kuq-TpiQBUBqBCmCstl2TtkIQFP,0
47147,LLM6-Kuq-TpiQBUBqBCmCstl2TtkIQFP,0
26098,LLM6-Kuq-TpiQBUBqBCmCstl2TtkIQFP,0
45070,LLM6-Kuq-TpiQBUBqBCmCstl2TtkIQFP,0
49119,LLM6-Kuq-TpiQBUBqBCmCstl2TtkIQFP,0
5118,LLM6-Kuq-TpiQBUBqBCmCstl2TtkIQFP,0
11041,LLM6-Kuq-TpiQBUBqBCmCstl2TtkIQFP,0
2058,LLM6-Kuq-TpiQBUBqBCmCstl2TtkIQFP,0
30008,LLM6-Kuq-TpiQBUBqBCmCstl2TtkIQFP,0
9363,LLM6-Kuq-TpiQBUBqBCmCstl2TtkIQFP,0
6126,LLM6-Kuq-TpiQBUBqBCmCstl2TtkIQFP,0
16258,LLM6-Kuq-TpiQBUBqBCmCstl2TtkIQFP,0
47226,LLM6-Kuq-TpiQBUBqBCmCstl2TtkIQFP,0
35011,LLM6-Kuq-TpiQBUBqBCmCstl2TtkIQFP,0
40014,LLM6-Kuq-TpiQBUBqBCmCstl2TtkIQFP,0
9904,LLM6-Kuq-TpiQBUBqBCmCstl2TtkIQFP,0
18101,LLM6-Kuq-TpiQBUBqBCmCstl2TtkIQFP,0
3043,LLM6-Kuq-TpiQBUBqBCmCstl2TtkIQFP,0
19147,LLM6-Kuq-TpiQBUBqBCmCstl2TtkIQFP,0
50268,LLM6-Kuq-TpiQBUBqBCmCstl2TtkIQFP,0
8156,LLM6-Kuq-TpiQBUBqBCmCstl2TtkIQFP,0
18094,LLM6-Kuq-TpiQBUBqBCmCstl2TtkIQFP,0
13078,LLM6-Kuq-TpiQBUBqBCmCstl2TtkIQFP,0
22199,LLM6-Kuq-TpiQBUBqBCmCstl2TtkIQFP,0
4027,LLM6-Kuq-TpiQBUBqBCmCstl2TtkIQFP,0
9050,LLM6-Kuq-TpiQBUBqBCmCstl2TtkIQFP,0
33020,LLM6-Kuq-TpiQBUBqBCmCstl2TtkIQFP,0
45029,LLM6-Kuq-TpiQBUBqBCmCstl2TtkIQFP,0
37126,LLM6-Kuq-TpiQBUBqBCmCstl2TtkIQFP,0
44191,LLM6-Kuq-TpiQBUBqBCmCstl2TtkIQFP,0
17001,LLM6-Kuq-TpiQBUBqBCmCstl2TtkIQFP,0
9131,LLM6-Kuq-TpiQBUBqBCmCstl2TtkIQFP,0
9276,dgog-7KW-LEqXCl7DhQo3tLjAk2OPp87,1
9424,dgog-7KW-LEqXCl7DhQo3tLjAk2OPp87,1
38022,dgog-7KW-LEqXCl7DhQo3tLjAk2OPp87,1
16219,dgog-7KW-LEqXCl7DhQo3tLjAk2OPp87,1
42068,dgog-7KW-LEqXCl7DhQo3tLjAk2OPp87,1
44181,dgog-7KW-LEqXCl7DhQo3tLjAk2OPp87,1
18135,dgog-7KW-LEqXCl7DhQo3tLjAk2OPp87,1
46038,dgog-7KW-LEqXCl7DhQo3tLjAk2OPp87,1
40126,dgog-7KW-LEqXCl7DhQo3tLjAk2OPp87,1
25220,dgog-7KW-LEqXCl7DhQo3tLjAk2OPp87,1
26073,dgog-7KW-LEqXCl7DhQo3tLjAk2OPp87,1
37305,dgog-7KW-LEqXCl7DhQo3tLjAk2OPp87,1
47213,dgog-7KW-LEqXCl7DhQo3tLjAk2OPp87,1
18120,dgog-7KW-LEqXCl7DhQo3tLjAk2OPp87,1
23014,dgog-7KW-LEqXCl7DhQo3tLjAk2OPp87,1
31146,dgog-7KW-LEqXCl7DhQo3tLjAk2OPp87,1
13050,dgog-7KW-LEqXCl7DhQo3tLjAk2OPp87,1
18082,dgog-7KW-LEqXCl7DhQo3tLjAk2OPp87,1
28086,dgog-7KW-LEqXCl7DhQo3tLjAk2OPp87,1
13059,dgog-7KW-LEqXCl7DhQo3tLjAk2OPp87,1
3054,dgog-7KW-LEqXCl7DhQo3tLjAk2OPp87,1
46134,dgog-7KW-LEqXCl7DhQo3tLjAk2OPp87,1
12120,dgog-7KW-LEqXCl7DhQo3tLjAk2OPp87,1
6130,dgog-7KW-LEqXCl7DhQo3tLjAk2OPp87,1
12032,dgog-7KW-LEqXCl7DhQo3tLjAk2OPp87,1
43157,dgog-7KW-LEqXCl7DhQo3tLjAk2OPp87,1
44059,dgog-7KW-LEqXCl7DhQo3tLjAk2OPp87,1
31246,dgog-7KW-LEqXCl7DhQo3tLjAk2OPp87,1
39025,dgog-7KW-LEqXCl7DhQo3tLjAk2OPp87,1
8002,dgog-7KW-LEqXCl7DhQo3tLjAk2OPp87,1
10218,dgog-7KW-LEqXCl7DhQo3tLjAk2OPp87,1
47175,dgog-7KW-LEqXCl7DhQo3tLjAk2OPp87,1
37310,dgog-7KW-LEqXCl7DhQo3tLjAk2OPp87,1
17130,dgog-7KW-LEqXCl7DhQo3tLjAk2OPp87,1
19005,dgog-7KW-LEqXCl7DhQo3tLjAk2OPp87,1
10071,dgog-7KW-LEqXCl7DhQo3tLjAk2OPp87,1
9131,dgog-7KW-LEqXCl7DhQo3tLjAk2OPp87,1
50119,dgog-7KW-LEqXCl7DhQo3tLjAk2OPp87,1
27019,dgog-7KW-LEqXCl7DhQo3tLjAk2OPp87,1
50052,dgog-7KW-LEqXCl7DhQo3tLjAk2OPp87,1
6145,dgog-7KW-LEqXCl7DhQo3tLjAk2OPp87,1
38033,dgog-7KW-LEqXCl7DhQo3tLjAk2OPp87,1
42103,dgog-7KW-LEqXCl7DhQo3tLjAk2OPp87,1
47009,dgog-7KW-LEqXCl7DhQo3tLjAk2OPp87,1
40136,dgog-7KW-LEqXCl7DhQo3tLjAk2OPp87,1
10078,dgog-7KW-LEqXCl7DhQo3tLjAk2OPp87,1
25163,dgog-7KW-LEqXCl7DhQo3tLjAk2OPp87,1
50291,dgog-7KW-LEqXCl7DhQo3tLjAk2OPp87,1
26050,dgog-7KW-LEqXCl7DhQo3tLjAk2OPp87,1
34904,dgog-7KW-LEqXCl7DhQo3tLjAk2OPp87,1
4006,dgog-7KW-LEqXCl7DhQo3tLjAk2OPp87,1
50009,dgog-7KW-LEqXCl7DhQo3tLjAk2OPp87,1
44152,dgog-7KW-LEqXCl7DhQo3tLjAk2OPp87,1
50284,dgog-7KW-LEqXCl7DhQo3tLjAk2OPp87,1
19169,dgog-7KW-LEqXCl7DhQo3tLjAk2OPp87,1
34056,dgog-7KW-LEqXCl7DhQo3tLjAk2OPp87,1
44245,dgog-7KW-LEqXCl7DhQo3tLjAk2OPp87,1
19245,dgog-7KW-LEqXCl7DhQo3tLjAk2OPp87,1
24148,dgog-7KW-LEqXCl7DhQo3tLjAk2OPp87,1
23903,dgog-7KW-LEqXCl7DhQo3tLjAk2OPp87,1
21043,dgog-7KW-LEqXCl7DhQo3tLjAk2OPp87,1
8078,dgog-7KW-LEqXCl7DhQo3tLjAk2OPp87,1
26081,dgog-7KW-LEqXCl7DhQo3tLjAk2OPp87,1
10106,dgog-7KW-LEqXCl7DhQo3tLjAk2OPp87,1
50026,dgog-7KW-LEqXCl7DhQo3tLjAk2OPp87,1
6043,dgog-7KW-LEqXCl7DhQo3tLjAk2OPp87,1
22218,dgog-7KW-LEqXCl7DhQo3tLjAk2OPp87,1
24003,dgog-7KW-LEqXCl7DhQo3tLjAk2OPp87,1
10212,dgog-7KW-LEqXCl7DhQo3tLjAk2OPp87,1
9201,dgog-7KW-LEqXCl7DhQo3tLjAk2OPp87,1
44137,dgog-7KW-LEqXCl7DhQo3tLjAk2OPp87,1
26056,dgog-7KW-LEqXCl7DhQo3tLjAk2OPp87,1
4102,dgog-7KW-LEqXCl7DhQo3tLjAk2OPp87,1
16237,dgog-7KW-LEqXCl7DhQo3tLjAk2OPp87,1
9373,dgog-7KW-LEqXCl7DhQo3tLjAk2OPp87,1
11903,dgog-7KW-LEqXCl7DhQo3tLjAk2OPp87,1
14010,dgog-7KW-LEqXCl7DhQo3tLjAk2OPp87,1
34067,dgog-7KW-LEqXCl7DhQo3tLjAk2OPp87,1
40007,dgog-7KW-LEqXCl7DhQo3tLjAk2OPp87,1
6091,dgog-7KW-LEqXCl7DhQo3tLjAk2OPp87,1
43143,dgog-7KW-LEqXCl7DhQo3tLjAk2OPp87,1
2023,dgog-7KW-LEqXCl7DhQo3tLjAk2OPp87,1
5128,dgog-7KW-LEqXCl7DhQo3tLjAk2OPp87,1
2085,dgog-7KW-LEqXCl7DhQo3tLjAk2OPp87,1
46903,dgog-7KW-LEqXCl7DhQo3tLjAk2OPp87,1
31247,dgog-7KW-LEqXCl7DhQo3tLjAk2OPp87,1
46030,dgog-7KW-LEqXCl7DhQo3tLjAk2OPp87,1
37056,dgog-7KW-LEqXCl7DhQo3tLjAk2OPp87,1
10190,dgog-7KW-LEqXCl7DhQo3tLjAk2OPp87,1
26112,dgog-7KW-LEqXCl7DhQo3tLjAk2OPp87,1
22190,dgog-7KW-LEqXCl7DhQo3tLjAk2OPp87,1
37333,dgog-7KW-LEqXCl7DhQo3tLjAk2OPp87,1
42098,dgog-7KW-LEqXCl7DhQo3tLjAk2OPp87,1
36050,dgog-7KW-LEqXCl7DhQo3tLjAk2OPp87,1
26015,dgog-7KW-LEqXCl7DhQo3tLjAk2OPp87,1
2084,dgog-7KW-LEqXCl7DhQo3tLjAk2OPp87,1
6006,dgog-7KW-LEqXCl7DhQo3tLjAk2OPp87,1
7033,dgog-7KW-LEqXCl7DhQo3tLjAk2OPp87,1
24119,dgog-7KW-LEqXCl7DhQo3tLjAk2OPp87,1
45202,dgog-7KW-LEqXCl7DhQo3tLjAk2OPp87,1
8019,dgog-7KW-LEqXCl7DhQo3tLjAk2OPp87,0
41091,dgog-7KW-LEqXCl7DhQo3tLjAk2OPp87,0
46250,dgog-7KW-LEqXCl7DhQo3tLjAk2OPp87,0
50297,dgog-7KW-LEqXCl7DhQo3tLjAk2OPp87,0
29067,dgog-7KW-LEqXCl7DhQo3tLjAk2OPp87,0
24117,dgog-7KW-LEqXCl7DhQo3tLjAk2OPp87,0
37017,dgog-7KW-LEqXCl7DhQo3tLjAk2OPp87,0
42069,dgog-7KW-LEqXCl7DhQo3tLjAk2OPp87,0
10142,dgog-7KW-LEqXCl7DhQo3tLjAk2OPp87,0
30029,dgog-7KW-LEqXCl7DhQo3tLjAk2OPp87,0
33053,dgog-7KW-LEqXCl7DhQo3tLjAk2OPp87,0
27013,dgog-7KW-LEqXCl7DhQo3tLjAk2OPp87,0
39100,dgog-7KW-LEqXCl7DhQo3tLjAk2OPp87,0
22228,dgog-7KW-LEqXCl7DhQo3tLjAk2OPp87,0
33034,dgog-7KW-LEqXCl7DhQo3tLjAk2OPp87,0
40065,dgog-7KW-LEqXCl7DhQo3tLjAk2OPp87,0
12135,dgog-7KW-LEqXCl7DhQo3tLjAk2OPp87,0
18103,dgog-7KW-LEqXCl7DhQo3tLjAk2OPp87,0
12039,dgog-7KW-LEqXCl7DhQo3tLjAk2OPp87,0
44229,dgog-7KW-LEqXCl7DhQo3tLjAk2OPp87,0
19221,dgog-7KW-LEqXCl7DhQo3tLjAk2OPp87,0
13094,dgog-7KW-LEqXCl7DhQo3tLjAk2OPp87,0
3009,dgog-7KW-LEqXCl7DhQo3tLjAk2OPp87,0
20057,dgog-7KW-LEqXCl7DhQo3tLjAk2OPp87,0
42044,dgog-7KW-LEqXCl7DhQo3tLjAk2OPp87,0
31108,dgog-7KW-LEqXCl7DhQo3tLjAk2OPp87,0
6132,dgog-7KW-LEqXCl7DhQo3tLjAk2OPp87,0
50117,dgog-7KW-LEqXCl7DhQo3tLjAk2OPp87,0
16097,dgog-7KW-LEqXCl7DhQo3tLjAk2OPp87,0
12901,dgog-7KW-LEqXCl7DhQo3tLjAk2OPp87,0
9235,dgog-7KW-LEqXCl7DhQo3tLjAk2OPp87,0
40017,dgog-7KW-LEqXCl7DhQo3tLjAk2OPp87,0
26138,dgog-7KW-LEqXCl7DhQo3tLjAk2OPp87,0
18180,dgog-7KW-LEqXCl7DhQo3tLjAk2OPp87,0
49119,dgog-7KW-LEqXCl7DhQo3tLjAk2OPp87,0
26053,dgog-7KW-LEqXCl7DhQo3tLjAk2OPp87,0
35015,dgog-7KW-LEqXCl7DhQo3tLjAk2OPp87,0
50163,dgog-7KW-LEqXCl7DhQo3tLjAk2OPp87,0
3123,dgog-7KW-LEqXCl7DhQo3tLjAk2OPp87,0
11022,dgog-7KW-LEqXCl7DhQo3tLjAk2OPp87,0
29006,dgog-7KW-LEqXCl7DhQo3tLjAk2OPp87,0
36033,dgog-7KW-LEqXCl7DhQo3tLjAk2OPp87,0
3120,dgog-7KW-LEqXCl7DhQo3tLjAk2OPp87,0
46075,dgog-7KW-LEqXCl7DhQo3tLjAk2OPp87,0
25094,dgog-7KW-LEqXCl7DhQo3tLjAk2OPp87,0
26025,dgog-7KW-LEqXCl7DhQo3tLjAk2OPp87,0
47189,dgog-7KW-LEqXCl7DhQo3tLjAk2OPp87,0
25169,dgog-7KW-LEqXCl7DhQo3tLjAk2OPp87,0
17078,dgog-7KW-LEqXCl7DhQo3tLjAk2OPp87,0
49056,dgog-7KW-LEqXCl7DhQo3tLjAk2OPp87,0
3004,dgog-7KW-LEqXCl7DhQo3tLjAk2OPp87,0
44023,dgog-7KW-LEqXCl7DhQo3tLjAk2OPp87,0
5212,dgog-7KW-LEqXCl7DhQo3tLjAk2OPp87,0
3037,dgog-7KW-LEqXCl7DhQo3tLjAk2OPp87,0
31136,dgog-7KW-LEqXCl7DhQo3tLjAk2OPp87,0
49256,dgog-7KW-LEqXCl7DhQo3tLjAk2OPp87,0
31206,dgog-7KW-LEqXCl7DhQo3tLjAk2OPp87,0
25904,dgog-7KW-LEqXCl7DhQo3tLjAk2OPp87,0
36048,dgog-7KW-LEqXCl7DhQo3tLjAk2OPp87,0
3904,dgog-7KW-LEqXCl7DhQo3tLjAk2OPp87,0
37030,dgog-7KW-LEqXCl7DhQo3tLjAk2OPp87,0
2009,dgog-7KW-LEqXCl7DhQo3tLjAk2OPp87,0
12115,dgog-7KW-LEqXCl7DhQo3tLjAk2OPp87,0
45112,dgog-7KW-LEqXCl7DhQo3tLjAk2OPp87,0
32035,dgog-7KW-LEqXCl7DhQo3tLjAk2OPp87,0
44075,dgog-7KW-LEqXCl7DhQo3tLjAk2OPp87,0
37070,dgog-7KW-LEqXCl7DhQo3tLjAk2OPp87,0
25120,dgog-7KW-LEqXCl7DhQo3tLjAk2OPp87,0
40112,dgog-7KW-LEqXCl7DhQo3tLjAk2OPp87,0
18143,dgog-7KW-LEqXCl7DhQo3tLjAk2OPp87,0
16045,dgog-7KW-LEqXCl7DhQo3tLjAk2OPp87,0
46011,dgog-7KW-LEqXCl7DhQo3tLjAk2OPp87,0
47230,dgog-7KW-LEqXCl7DhQo3tLjAk2OPp87,0
9348,dgog-7KW-LEqXCl7DhQo3tLjAk2OPp87,0
25255,dgog-7KW-LEqXCl7DhQo3tLjAk2OPp87,0
9407,dgog-7KW-LEqXCl7DhQo3tLjAk2OPp87,0
44043,dgog-7KW-LEqXCl7DhQo3tLjAk2OPp87,0
3069,dgog-7KW-LEqXCl7DhQo3tLjAk2OPp87,0
47089,dgog-7KW-LEqXCl7DhQo3tLjAk2OPp87,0
9268,dgog-7KW-LEqXCl7DhQo3tLjAk2OPp87,0
26125,dgog-7KW-LEqXCl7DhQo3tLjAk2OPp87,0
19326,dgog-7KW-LEqXCl7DhQo3tLjAk2OPp87,0
34052,dgog-7KW-LEqXCl7DhQo3tLjAk2OPp87,0
15032,dgog-7KW-LEqXCl7DhQo3tLjAk2OPp87,0
9232,dgog-7KW-LEqXCl7DhQo3tLjAk2OPp87,0
24021,dgog-7KW-LEqXCl7DhQo3tLjAk2OPp87,0
3902,dgog-7KW-LEqXCl7DhQo3tLjAk2OPp87,0
8301,dgog-7KW-LEqXCl7DhQo3tLjAk2OPp87,0
24194,dgog-7KW-LEqXCl7DhQo3tLjAk2OPp87,0
4060,dgog-7KW-LEqXCl7DhQo3tLjAk2OPp87,0
8098,dgog-7KW-LEqXCl7DhQo3tLjAk2OPp87,0
34233,dgog-7KW-LEqXCl7DhQo3tLjAk2OPp87,0
9446,dgog-7KW-LEqXCl7DhQo3tLjAk2OPp87,0
10009,dgog-7KW-LEqXCl7DhQo3tLjAk2OPp87,0
4009,dgog-7KW-LEqXCl7DhQo3tLjAk2OPp87,0
49164,dgog-7KW-LEqXCl7DhQo3tLjAk2OPp87,0
23076,dgog-7KW-LEqXCl7DhQo3tLjAk2OPp87,0
25252,dgog-7KW-LEqXCl7DhQo3tLjAk2OPp87,0
9308,dgog-7KW-LEqXCl7DhQo3tLjAk2OPp87,0
12045,dgog-7KW-LEqXCl7DhQo3tLjAk2OPp87,0
8164,JJAm-jzX-7N3Xw2wt6VbYN2qFnsIciEf,1
20079,JJAm-jzX-7N3Xw2wt6VbYN2qFnsIciEf,1
38009,JJAm-jzX-7N3Xw2wt6VbYN2qFnsIciEf,1
1056,JJAm-jzX-7N3Xw2wt6VbYN2qFnsIciEf,1
46113,JJAm-jzX-7N3Xw2wt6VbYN2qFnsIciEf,1
43094,JJAm-jzX-7N3Xw2wt6VbYN2qFnsIciEf,1
50171,JJAm-jzX-7N3Xw2wt6VbYN2qFnsIciEf,1
48028,JJAm-jzX-7N3Xw2wt6VbYN2qFnsIciEf,1
8300,JJAm-jzX-7N3Xw2wt6VbYN2qFnsIciEf,1
9073,JJAm-jzX-7N3Xw2wt6VbYN2qFnsIciEf,1
2052,JJAm-jzX-7N3Xw2wt6VbYN2qFnsIciEf,1
47010,JJAm-jzX-7N3Xw2wt6VbYN2qFnsIciEf,1
8156,JJAm-jzX-7N3Xw2wt6VbYN2qFnsIciEf,1
21033,JJAm-jzX-7N3Xw2wt6VbYN2qFnsIciEf,1
23010,JJAm-jzX-7N3Xw2wt6VbYN2qFnsIciEf,1
43001,JJAm-jzX-7N3Xw2wt6VbYN2qFnsIciEf,1
23059,JJAm-jzX-7N3Xw2wt6VbYN2qFnsIciEf,1
17019,JJAm-jzX-7N3Xw2wt6VbYN2qFnsIciEf,1
36049,JJAm-jzX-7N3Xw2wt6VbYN2qFnsIciEf,1
8243,JJAm-jzX-7N3Xw2wt6VbYN2qFnsIciEf,1
14017,JJAm-jzX-7N3Xw2wt6VbYN2qFnsIciEf,1
18022,JJAm-jzX-7N3Xw2wt6VbYN2qFnsIciEf,1
41003,JJAm-jzX-7N3Xw2wt6VbYN2qFnsIciEf,1
28179,JJAm-jzX-7N3Xw2wt6VbYN2qFnsIciEf,1
48069,JJAm-jzX-7N3Xw2wt6VbYN2qFnsIciEf,1
7041,JJAm-jzX-7N3Xw2wt6VbYN2qFnsIciEf,1
23097,JJAm-jzX-7N3Xw2wt6VbYN2qFnsIciEf,1
16061,JJAm-jzX-7N3Xw2wt6VbYN2qFnsIciEf,1
28116,JJAm-jzX-7N3Xw2wt6VbYN2qFnsIciEf,1
31053,JJAm-jzX-7N3Xw2wt6VbYN2qFnsIciEf,1
29047,JJAm-jzX-7N3Xw2wt6VbYN2qFnsIciEf,1
22115,JJAm-jzX-7N3Xw2wt6VbYN2qFnsIciEf,1
46229,JJAm-jzX-7N3Xw2wt6VbYN2qFnsIciEf,1
3063,JJAm-jzX-7N3Xw2wt6VbYN2qFnsIciEf,1
22250,JJAm-jzX-7N3Xw2wt6VbYN2qFnsIciEf,1
20904,JJAm-jzX-7N3Xw2wt6VbYN2qFnsIciEf,1
6159,JJAm-jzX-7N3Xw2wt6VbYN2qFnsIciEf,1
22168,JJAm-jzX-7N3Xw2wt6VbYN2qFnsIciEf,1
18159,JJAm-jzX-7N3Xw2wt6VbYN2qFnsIciEf,1
48080,JJAm-jzX-7N3Xw2wt6VbYN2qFnsIciEf,1
35026,JJAm-jzX-7N3Xw2wt6VbYN2qFnsIciEf,1
20005,JJAm-jzX-7N3Xw2wt6VbYN2qFnsIciEf,1
1039,JJAm-jzX-7N3Xw2wt6VbYN2qFnsIciEf,1
8171,JJAm-jzX-7N3Xw2wt6VbYN2qFnsIciEf,1
50092,JJAm-jzX-7N3Xw2wt6VbYN2qFnsIciEf,1
45123,JJAm-jzX-7N3Xw2wt6VbYN2qFnsIciEf,1
50102,JJAm-jzX-7N3Xw2wt6VbYN2qFnsIciEf,1
38037,JJAm-jzX-7N3Xw2wt6VbYN2qFnsIciEf,1
3080,JJAm-jzX-7N3Xw2wt6VbYN2qFnsIciEf,1
7014,JJAm-jzX-7N3Xw2wt6VbYN2qFnsIciEf,1
2079,JJAm-jzX-7N3Xw2wt6VbYN2qFnsIciEf,1
23061,JJAm-jzX-7N3Xw2wt6VbYN2qFnsIciEf,1
19331,JJAm-jzX-7N3Xw2wt6VbYN2qFnsIciEf,1
21045,JJAm-jzX-7N3Xw2wt6VbYN2qFnsIciEf,1
26023,JJAm-jzX-7N3Xw2wt6VbYN2qFnsIciEf,1
13023,JJAm-jzX-7N3Xw2wt6VbYN2qFnsIciEf,1
31006,JJAm-jzX-7N3Xw2wt6VbYN2qFnsIciEf,1
17166,JJAm-jzX-7N3Xw2wt6VbYN2qFnsIciEf,1
6050,JJAm-jzX-7N3Xw2wt6VbYN2qFnsIciEf,1
35010,JJAm-jzX-7N3Xw2wt6VbYN2qFnsIciEf,1
41902,JJAm-jzX-7N3Xw2wt6VbYN2qFnsIciEf,1
18049,JJAm-jzX-7N3Xw2wt6VbYN2qFnsIciEf,1
10024,JJAm-jzX-7N3Xw2wt6VbYN2qFnsIciEf,1
19046,JJAm-jzX-7N3Xw2wt6VbYN2qFnsIciEf,1
17232,JJAm-jzX-7N3Xw2wt6VbYN2qFnsIciEf,1
18163,JJAm-jzX-7N3Xw2wt6VbYN2qFnsIciEf,1
40031,JJAm-jzX-7N3Xw2wt6VbYN2qFnsIciEf,1
45030,JJAm-jzX-7N3Xw2wt6VbYN2qFnsIciEf,1
12008,JJAm-jzX-7N3Xw2wt6VbYN2qFnsIciEf,1
41093,JJAm-jzX-7N3Xw2wt6VbYN2qFnsIciEf,1
1027,JJAm-jzX-7N3Xw2wt6VbYN2qFnsIciEf,1
50025,JJAm-jzX-7N3Xw2wt6VbYN2qFnsIciEf,1
46090,JJAm-jzX-7N3Xw2wt6VbYN2qFnsIciEf,1
46094,JJAm-jzX-7N3Xw2wt6VbYN2qFnsIciEf,1
8147,JJAm-jzX-7N3Xw2wt6VbYN2qFnsIciEf,1
40004,JJAm-jzX-7N3Xw2wt6VbYN2qFnsIciEf,1
50157,JJAm-jzX-7N3Xw2wt6VbYN2qFnsIciEf,1
8187,JJAm-jzX-7N3Xw2wt6VbYN2qFnsIciEf,1
28092,JJAm-jzX-7N3Xw2wt6VbYN2qFnsIciEf,1
20062,JJAm-jzX-7N3Xw2wt6VbYN2qFnsIciEf,1
3074,JJAm-jzX-7N3Xw2wt6VbYN2qFnsIciEf,1
46248,JJAm-jzX-7N3Xw2wt6VbYN2qFnsIciEf,1
40043,JJAm-jzX-7N3Xw2wt6VbYN2qFnsIciEf,1
4049,JJAm-jzX-7N3Xw2wt6VbYN2qFnsIciEf,1
22232,JJAm-jzX-7N3Xw2wt6VbYN2qFnsIciEf,1
11037,JJAm-jzX-7N3Xw2wt6VbYN2qFnsIciEf,1
25040,JJAm-jzX-7N3Xw2wt6VbYN2qFnsIciEf,1
50205,JJAm-jzX-7N3Xw2wt6VbYN2qFnsIciEf,1
28121,JJAm-jzX-7N3Xw2wt6VbYN2qFnsIciEf,1
46146,JJAm-jzX-7N3Xw2wt6VbYN2qFnsIciEf,1
22904,JJAm-jzX-7N3Xw2wt6VbYN2qFnsIciEf,1
3060,JJAm-jzX-7N3Xw2wt6VbYN2qFnsIciEf,1
2026,JJAm-jzX-7N3Xw2wt6VbYN2qFnsIciEf,1
43107,JJAm-jzX-7N3Xw2wt6VbYN2qFnsIciEf,1
6153,JJAm-jzX-7N3Xw2wt6VbYN2qFnsIciEf,1
38008,JJAm-jzX-7N3Xw2wt6VbYN2qFnsIciEf,1
24070,JJAm-jzX-7N3Xw2wt6VbYN2qFnsIciEf,1
22042,JJAm-jzX-7N3Xw2wt6VbYN2qFnsIciEf,1
8284,JJAm-jzX-7N3Xw2wt6VbYN2qFnsIciEf,1
50287,JJAm-jzX-7N3Xw2wt6VbYN2qFnsIciEf,1
50279,JJAm-jzX-7N3Xw2wt6VbYN2qFnsIciEf,0
22150,JJAm-jzX-7N3Xw2wt6VbYN2qFnsIciEf,0
47142,JJAm-jzX-7N3Xw2wt6VbYN2qFnsIciEf,0
19278,JJAm-jzX-7N3Xw2wt6VbYN2qFnsIciEf,0
45190,JJAm-jzX-7N3Xw2wt6VbYN2qFnsIciEf,0
17208,JJAm-jzX-7N3Xw2wt6VbYN2qFnsIciEf,0
16196,JJAm-jzX-7N3Xw2wt6VbYN2qFnsIciEf,0
15014,JJAm-jzX-7N3Xw2wt6VbYN2qFnsIciEf,0
10116,JJAm-jzX-7N3Xw2wt6VbYN2qFnsIciEf,0
43141,JJAm-jzX-7N3Xw2wt6VbYN2qFnsIciEf,0
44010,JJAm-jzX-7N3Xw2wt6VbYN2qFnsIciEf,0
19293,JJAm-jzX-7N3Xw2wt6VbYN2qFnsIciEf,0
24090,JJAm-jzX-7N3Xw2wt6VbYN2qFnsIciEf,0
9298,JJAm-jzX-7N3Xw2wt6VbYN2qFnsIciEf,0
31185,JJAm-jzX-7N3Xw2wt6VbYN2qFnsIciEf,0
47230,JJAm-jzX-7N3Xw2wt6VbYN2qFnsIciEf,0
5023,JJAm-jzX-7N3Xw2wt6VbYN2qFnsIciEf,0
13067,JJAm-jzX-7N3Xw2wt6VbYN2qFnsIciEf,0
25038,JJAm-jzX-7N3Xw2wt6VbYN2qFnsIciEf,0
11041,JJAm-jzX-7N3Xw2wt6VbYN2qFnsIciEf,0
49079,JJAm-jzX-7N3Xw2wt6VbYN2qFnsIciEf,0
36901,JJAm-jzX-7N3Xw2wt6VbYN2qFnsIciEf,0
25186,JJAm-jzX-7N3Xw2wt6VbYN2qFnsIciEf,0
8131,JJAm-jzX-7N3Xw2wt6VbYN2qFnsIciEf,0
24020,JJAm-jzX-7N3Xw2wt6VbYN2qFnsIciEf,0
9195,JJAm-jzX-7N3Xw2wt6VbYN2qFnsIciEf,0
24055,JJAm-jzX-7N3Xw2wt6VbYN2qFnsIciEf,0
23039,JJAm-jzX-7N3Xw2wt6VbYN2qFnsIciEf,0
25078,JJAm-jzX-7N3Xw2wt6VbYN2qFnsIciEf,0
11018,JJAm-jzX-7N3Xw2wt6VbYN2qFnsIciEf,0
25161,JJAm-jzX-7N3Xw2wt6VbYN2qFnsIciEf,0
13090,JJAm-jzX-7N3Xw2wt6VbYN2qFnsIciEf,0
9272,JJAm-jzX-7N3Xw2wt6VbYN2qFnsIciEf,0
2050,JJAm-jzX-7N3Xw2wt6VbYN2qFnsIciEf,0
49177,JJAm-jzX-7N3Xw2wt6VbYN2qFnsIciEf,0
5046,JJAm-jzX-7N3Xw2wt6VbYN2qFnsIciEf,0
45047,JJAm-jzX-7N3Xw2wt6VbYN2qFnsIciEf,0
6094,JJAm-jzX-7N3Xw2wt6VbYN2qFnsIciEf,0
40020,JJAm-jzX-7N3Xw2wt6VbYN2qFnsIciEf,0
45181,JJAm-jzX-7N3Xw2wt6VbYN2qFnsIciEf,0
19227,JJAm-jzX-7N3Xw2wt6VbYN2qFnsIciEf,0
24139,JJAm-jzX-7N3Xw2wt6VbYN2qFnsIciEf,0
17040,JJAm-jzX-7N3Xw2wt6VbYN2qFnsIciEf,0
40045,JJAm-jzX-7N3Xw2wt6VbYN2qFnsIciEf,0
48058,JJAm-jzX-7N3Xw2wt6VbYN2qFnsIciEf,0
21056,JJAm-jzX-7N3Xw2wt6VbYN2qFnsIciEf,0
45157,JJAm-jzX-7N3Xw2wt6VbYN2qFnsIciEf,0
40229,JJAm-jzX-7N3Xw2wt6VbYN2qFnsIciEf,0
31238,JJAm-jzX-7N3Xw2wt6VbYN2qFnsIciEf,0
9169,JJAm-jzX-7N3Xw2wt6VbYN2qFnsIciEf,0
47137,JJAm-jzX-7N3Xw2wt6VbYN2qFnsIciEf,0
42118,JJAm-jzX-7N3Xw2wt6VbYN2qFnsIciEf,0
47195,JJAm-jzX-7N3Xw2wt6VbYN2qFnsIciEf,0
6107,JJAm-jzX-7N3Xw2wt6VbYN2qFnsIciEf,0
50091,JJAm-jzX-7N3Xw2wt6VbYN2qFnsIciEf,0
9408,JJAm-jzX-7N3Xw2wt6VbYN2qFnsIciEf,0
17159,JJAm-jzX-7N3Xw2wt6VbYN2qFnsIciEf,0
40202,JJAm-jzX-7N3Xw2wt6VbYN2qFnsIciEf,0
18121,JJAm-jzX-7N3Xw2wt6VbYN2qFnsIciEf,0
37058,JJAm-jzX-7N3Xw2wt6VbYN2qFnsIciEf,0
47056,JJAm-jzX-7N3Xw2wt6VbYN2qFnsIciEf,0
5088,JJAm-jzX-7N3Xw2wt6VbYN2qFnsIciEf,0
3036,JJAm-jzX-7N3Xw2wt6VbYN2qFnsIciEf,0
45172,JJAm-jzX-7N3Xw2wt6VbYN2qFnsIciEf,0
31035,JJAm-jzX-7N3Xw2wt6VbYN2qFnsIciEf,0
49096,JJAm-jzX-7N3Xw2wt6VbYN2qFnsIciEf,0
27048,JJAm-jzX-7N3Xw2wt6VbYN2qFnsIciEf,0
32029,JJAm-jzX-7N3Xw2wt6VbYN2qFnsIciEf,0
37074,JJAm-jzX-7N3Xw2wt6VbYN2qFnsIciEf,0
10025,JJAm-jzX-7N3Xw2wt6VbYN2qFnsIciEf,0
27009,JJAm-jzX-7N3Xw2wt6VbYN2qFnsIciEf,0
50234,JJAm-jzX-7N3Xw2wt6VbYN2qFnsIciEf,0
9007,JJAm-jzX-7N3Xw2wt6VbYN2qFnsIciEf,0
32050,JJAm-jzX-7N3Xw2wt6VbYN2qFnsIciEf,0
31167,JJAm-jzX-7N3Xw2wt6VbYN2qFnsIciEf,0
44097,JJAm-jzX-7N3Xw2wt6VbYN2qFnsIciEf,0
47150,JJAm-jzX-7N3Xw2wt6VbYN2qFnsIciEf,0
10138,JJAm-jzX-7N3Xw2wt6VbYN2qFnsIciEf,0
2070,JJAm-jzX-7N3Xw2wt6VbYN2qFnsIciEf,0
9131,JJAm-jzX-7N3Xw2wt6VbYN2qFnsIciEf,0
11042,JJAm-jzX-7N3Xw2wt6VbYN2qFnsIciEf,0
49080,JJAm-jzX-7N3Xw2wt6VbYN2qFnsIciEf,0
26149,JJAm-jzX-7N3Xw2wt6VbYN2qFnsIciEf,0
36059,JJAm-jzX-7N3Xw2wt6VbYN2qFnsIciEf,0
37363,JJAm-jzX-7N3Xw2wt6VbYN2qFnsIciEf,0
37130,JJAm-jzX-7N3Xw2wt6VbYN2qFnsIciEf,0
2031,JJAm-jzX-7N3Xw2wt6VbYN2qFnsIciEf,0
6033,JJAm-jzX-7N3Xw2wt6VbYN2qFnsIciEf,0
31180,JJAm-jzX-7N3Xw2wt6VbYN2qFnsIciEf,0
29061,JJAm-jzX-7N3Xw2wt6VbYN2qFnsIciEf,0
34092,JJAm-jzX-7N3Xw2wt6VbYN2qFnsIciEf,0
25220,JJAm-jzX-7N3Xw2wt6VbYN2qFnsIciEf,0
19088,JJAm-jzX-7N3Xw2wt6VbYN2qFnsIciEf,0
36001,JJAm-jzX-7N3Xw2wt6VbYN2qFnsIciEf,0
13059,JJAm-jzX-7N3Xw2wt6VbYN2qFnsIciEf,0
12001,JJAm-jzX-7N3Xw2wt6VbYN2qFnsIciEf,0
10210,JJAm-jzX-7N3Xw2wt6VbYN2qFnsIciEf,0
27015,JJAm-jzX-7N3Xw2wt6VbYN2qFnsIciEf,0
6070,JJAm-jzX-7N3Xw2wt6VbYN2qFnsIciEf,0
10136,JJAm-jzX-7N3Xw2wt6VbYN2qFnsIciEf,0
45125,MKHt-KlX-cfm2OQecamBddy2RGFIHaIK,1
19096,MKHt-KlX-cfm2OQecamBddy2RGFIHaIK,1
20035,MKHt-KlX-cfm2OQecamBddy2RGFIHaIK,1
23073,MKHt-KlX-cfm2OQecamBddy2RGFIHaIK,1
31034,MKHt-KlX-cfm2OQecamBddy2RGFIHaIK,1
9406,MKHt-KlX-cfm2OQecamBddy2RGFIHaIK,1
42073,MKHt-KlX-cfm2OQecamBddy2RGFIHaIK,1
9388,MKHt-KlX-cfm2OQecamBddy2RGFIHaIK,1
45203,MKHt-KlX-cfm2OQecamBddy2RGFIHaIK,1
36005,MKHt-KlX-cfm2OQecamBddy2RGFIHaIK,1
33003,MKHt-KlX-cfm2OQecamBddy2RGFIHaIK,1
4015,MKHt-KlX-cfm2OQecamBddy2RGFIHaIK,1
28022,MKHt-KlX-cfm2OQecamBddy2RGFIHaIK,1
37312,MKHt-KlX-cfm2OQecamBddy2RGFIHaIK,1
46240,MKHt-KlX-cfm2OQecamBddy2RGFIHaIK,1
8143,MKHt-KlX-cfm2OQecamBddy2RGFIHaIK,1
40228,MKHt-KlX-cfm2OQecamBddy2RGFIHaIK,1
24162,MKHt-KlX-cfm2OQecamBddy2RGFIHaIK,1
46003,MKHt-KlX-cfm2OQecamBddy2RGFIHaIK,1
12079,MKHt-KlX-cfm2OQecamBddy2RGFIHaIK,1
44168,MKHt-KlX-cfm2OQecamBddy2RGFIHaIK,1
19287,MKHt-KlX-cfm2OQecamBddy2RGFIHaIK,1
36041,MKHt-KlX-cfm2OQecamBddy2RGFIHaIK,1
28095,MKHt-KlX-cfm2OQecamBddy2RGFIHaIK,1
40094,MKHt-KlX-cfm2OQecamBddy2RGFIHaIK,1
50044,MKHt-KlX-cfm2OQecamBddy2RGFIHaIK,1
10149,MKHt-KlX-cfm2OQecamBddy2RGFIHaIK,1
5170,MKHt-KlX-cfm2OQecamBddy2RGFIHaIK,1
39006,MKHt-KlX-cfm2OQecamBddy2RGFIHaIK,1
11016,MKHt-KlX-cfm2OQecamBddy2RGFIHaIK,1
45049,MKHt-KlX-cfm2OQecamBddy2RGFIHaIK,1
28020,MKHt-KlX-cfm2OQecamBddy2RGFIHaIK,1
50201,MKHt-KlX-cfm2OQecamBddy2RGFIHaIK,1
31263,MKHt-KlX-cfm2OQecamBddy2RGFIHaIK,1
9392,MKHt-KlX-cfm2OQecamBddy2RGFIHaIK,1
16278,MKHt-KlX-cfm2OQecamBddy2RGFIHaIK,1
34202,MKHt-KlX-cfm2OQecamBddy2RGFIHaIK,1
28167,MKHt-KlX-cfm2OQecamBddy2RGFIHaIK,1
49226,MKHt-KlX-cfm2OQecamBddy2RGFIHaIK,1
28163,MKHt-KlX-cfm2OQecamBddy2RGFIHaIK,1
9227,MKHt-KlX-cfm2OQecamBddy2RGFIHaIK,1
27027,MKHt-KlX-cfm2OQecamBddy2RGFIHaIK,1
3071,MKHt-KlX-cfm2OQecamBddy2RGFIHaIK,1
49118,MKHt-KlX-cfm2OQecamBddy2RGFIHaIK,1
37218,MKHt-KlX-cfm2OQecamBddy2RGFIHaIK,1
42159,MKHt-KlX-cfm2OQecamBddy2RGFIHaIK,1
21031,MKHt-KlX-cfm2OQecamBddy2RGFIHaIK,1
28116,MKHt-KlX-cfm2OQecamBddy2RGFIHaIK,1
9433,MKHt-KlX-cfm2OQecamBddy2RGFIHaIK,1
45180,MKHt-KlX-cfm2OQecamBddy2RGFIHaIK,1
49031,MKHt-KlX-cfm2OQecamBddy2RGFIHaIK,1
32057,MKHt-KlX-cfm2OQecamBddy2RGFIHaIK,1
49233,MKHt-KlX-cfm2OQecamBddy2RGFIHaIK,1
47209,MKHt-KlX-cfm2OQecamBddy2RGFIHaIK,1
49048,MKHt-KlX-cfm2OQecamBddy2RGFIHaIK,1
40058,MKHt-KlX-cfm2OQecamBddy2RGFIHaIK,1
50070,MKHt-KlX-cfm2OQecamBddy2RGFIHaIK,1
9451,MKHt-KlX-cfm2OQecamBddy2RGFIHaIK,1
37019,MKHt-KlX-cfm2OQecamBddy2RGFIHaIK,1
50002,MKHt-KlX-cfm2OQecamBddy2RGFIHaIK,1
10036,MKHt-KlX-cfm2OQecamBddy2RGFIHaIK,1
9471,MKHt-KlX-cfm2OQecamBddy2RGFIHaIK,1
47149,MKHt-KlX-cfm2OQecamBddy2RGFIHaIK,1
26054,MKHt-KlX-cfm2OQecamBddy2RGFIHaIK,1
41091,MKHt-KlX-cfm2OQecamBddy2RGFIHaIK,1
27010,MKHt-KlX-cfm2OQecamBddy2RGFIHaIK,1
46164,MKHt-KlX-cfm2OQecamBddy2RGFIHaIK,1
46172,MKHt-KlX-cfm2OQecamBddy2RGFIHaIK,1
49016,MKHt-KlX-cfm2OQecamBddy2RGFIHaIK,1
22082,MKHt-KlX-cfm2OQecamBddy2RGFIHaIK,1
14050,MKHt-KlX-cfm2OQecamBddy2RGFIHaIK,1
25189,MKHt-KlX-cfm2OQecamBddy2RGFIHaIK,1
39089,MKHt-KlX-cfm2OQecamBddy2RGFIHaIK,1
19233,MKHt-KlX-cfm2OQecamBddy2RGFIHaIK,1
18912,MKHt-KlX-cfm2OQecamBddy2RGFIHaIK,1
5029,MKHt-KlX-cfm2OQecamBddy2RGFIHaIK,1
31069,MKHt-KlX-cfm2OQecamBddy2RGFIHaIK,1
28024,MKHt-KlX-cfm2OQecamBddy2RGFIHaIK,1
22250,MKHt-KlX-cfm2OQecamBddy2RGFIHaIK,1
3090,MKHt-KlX-cfm2OQecamBddy2RGFIHaIK,1
23027,MKHt-KlX-cfm2OQecamBddy2RGFIHaIK,1
31037,MKHt-KlX-cfm2OQecamBddy2RGFIHaIK,1
42215,MKHt-KlX-cfm2OQecamBddy2RGFIHaIK,1
34006,MKHt-KlX-cfm2OQecamBddy2RGFIHaIK,1
41093,MKHt-KlX-cfm2OQecamBddy2RGFIHaIK,1
17029,MKHt-KlX-cfm2OQecamBddy2RGFIHaIK,1
37088,MKHt-KlX-cfm2OQecamBddy2RGFIHaIK,1
44245,MKHt-KlX-cfm2OQecamBddy2RGFIHaIK,1
24166,MKHt-KlX-cfm2OQecamBddy2RGFIHaIK,1
49267,MKHt-KlX-cfm2OQecamBddy2RGFIHaIK,1
30028,MKHt-KlX-cfm2OQecamBddy2RGFIHaIK,1
18164,MKHt-KlX-cfm2OQecamBddy2RGFIHaIK,1
18035,MKHt-KlX-cfm2OQecamBddy2RGFIHaIK,1
3095,MKHt-KlX-cfm2OQecamBddy2RGFIHaIK,1
47065,MKHt-KlX-cfm2OQecamBddy2RGFIHaIK,1
48065,MKHt-KlX-cfm2OQecamBddy2RGFIHaIK,1
28088,MKHt-KlX-cfm2OQecamBddy2RGFIHaIK,1
29039,MKHt-KlX-cfm2OQecamBddy2RGFIHaIK,1
46015,MKHt-KlX-cfm2OQecamBddy2RGFIHaIK,1
44022,MKHt-KlX-cfm2OQecamBddy2RGFIHaIK,1
31204,MKHt-KlX-cfm2OQecamBddy2RGFIHaIK,0
50041,MKHt-KlX-cfm2OQecamBddy2RGFIHaIK,0
25111,MKHt-KlX-cfm2OQecamBddy2RGFIHaIK,0
20905,MKHt-KlX-cfm2OQecamBddy2RGFIHaIK,0
8081,MKHt-KlX-cfm2OQecamBddy2RGFIHaIK,0
19250,MKHt-KlX-cfm2OQecamBddy2RGFIHaIK,0
31156,MKHt-KlX-cfm2OQecamBddy2RGFIHaIK,0
43109,MKHt-KlX-cfm2OQecamBddy2RGFIHaIK,0
8050,MKHt-KlX-cfm2OQecamBddy2RGFIHaIK,0
25057,MKHt-KlX-cfm2OQecamBddy2RGFIHaIK,0
17173,MKHt-KlX-cfm2OQecamBddy2RGFIHaIK,0
20012,MKHt-KlX-cfm2OQecamBddy2RGFIHaIK,0
9078,MKHt-KlX-cfm2OQecamBddy2RGFIHaIK,0
20903,MKHt-KlX-cfm2OQecamBddy2RGFIHaIK,0
31083,MKHt-KlX-cfm2OQecamBddy2RGFIHaIK,0
1019,MKHt-KlX-cfm2OQecamBddy2RGFIHaIK,0
8045,MKHt-KlX-cfm2OQecamBddy2RGFIHaIK,0
17225,MKHt-KlX-cfm2OQecamBddy2RGFIHaIK,0
31140,MKHt-KlX-cfm2OQecamBddy2RGFIHaIK,0
8093,MKHt-KlX-cfm2OQecamBddy2RGFIHaIK,0
42204,MKHt-KlX-cfm2OQecamBddy2RGFIHaIK,0
9223,MKHt-KlX-cfm2OQecamBddy2RGFIHaIK,0
31182,MKHt-KlX-cfm2OQecamBddy2RGFIHaIK,0
40172,MKHt-KlX-cfm2OQecamBddy2RGFIHaIK,0
43146,MKHt-KlX-cfm2OQecamBddy2RGFIHaIK,0
8195,MKHt-KlX-cfm2OQecamBddy2RGFIHaIK,0
17061,MKHt-KlX-cfm2OQecamBddy2RGFIHaIK,0
17172,MKHt-KlX-cfm2OQecamBddy2RGFIHaIK,0
25163,MKHt-KlX-cfm2OQecamBddy2RGFIHaIK,0
26153,MKHt-KlX-cfm2OQecamBddy2RGFIHaIK,0
17162,MKHt-KlX-cfm2OQecamBddy2RGFIHaIK,0
6103,MKHt-KlX-cfm2OQecamBddy2RGFIHaIK,0
31033,MKHt-KlX-cfm2OQecamBddy2RGFIHaIK,0
8078,MKHt-KlX-cfm2OQecamBddy2RGFIHaIK,0
20037,MKHt-KlX-cfm2OQecamBddy2RGFIHaIK,0
8189,MKHt-KlX-cfm2OQecamBddy2RGFIHaIK,0
31081,MKHt-KlX-cfm2OQecamBddy2RGFIHaIK,0
25061,MKHt-KlX-cfm2OQecamBddy2RGFIHaIK,0
1027,MKHt-KlX-cfm2OQecamBddy2RGFIHaIK,0
17035,MKHt-KlX-cfm2OQecamBddy2RGFIHaIK,0
8306,MKHt-KlX-cfm2OQecamBddy2RGFIHaIK,0
43096,MKHt-KlX-cfm2OQecamBddy2RGFIHaIK,0
17218,MKHt-KlX-cfm2OQecamBddy2RGFIHaIK,0
1056,MKHt-KlX-cfm2OQecamBddy2RGFIHaIK,0
42083,MKHt-KlX-cfm2OQecamBddy2RGFIHaIK,0
22111,MKHt-KlX-cfm2OQecamBddy2RGFIHaIK,0
25030,MKHt-KlX-cfm2OQecamBddy2RGFIHaIK,0
4056,MKHt-KlX-cfm2OQecamBddy2RGFIHaIK,0
31150,MKHt-KlX-cfm2OQecamBddy2RGFIHaIK,0
31262,MKHt-KlX-cfm2OQecamBddy2RGFIHaIK,0
42013,MKHt-KlX-cfm2OQecamBddy2RGFIHaIK,0
4904,MKHt-KlX-cfm2OQecamBddy2RGFIHaIK,0
8185,MKHt-KlX-cfm2OQecamBddy2RGFIHaIK,0
9334,MKHt-KlX-cfm2OQecamBddy2RGFIHaIK,0
48039,MKHt-KlX-cfm2OQecamBddy2RGFIHaIK,0
8188,MKHt-KlX-cfm2OQecamBddy2RGFIHaIK,0
17069,MKHt-KlX-cfm2OQecamBddy2RGFIHaIK,0
42042,MKHt-KlX-cfm2OQecamBddy2RGFIHaIK,0
46061,MKHt-KlX-cfm2OQecamBddy2RGFIHaIK,0
17031,MKHt-KlX-cfm2OQecamBddy2RGFIHaIK,0
31192,MKHt-KlX-cfm2OQecamBddy2RGFIHaIK,0
8288,MKHt-KlX-cfm2OQecamBddy2RGFIHaIK,0
25124,MKHt-KlX-cfm2OQecamBddy2RGFIHaIK,0
31114,MKHt-KlX-cfm2OQecamBddy2RGFIHaIK,0
20077,MKHt-KlX-cfm2OQecamBddy2RGFIHaIK,0
17228,MKHt-KlX-cfm2OQecamBddy2RGFIHaIK,0
39093,MKHt-KlX-cfm2OQecamBddy2RGFIHaIK,0
22244,MKHt-KlX-cfm2OQecamBddy2RGFIHaIK,0
31186,MKHt-KlX-cfm2OQecamBddy2RGFIHaIK,0
25094,MKHt-KlX-cfm2OQecamBddy2RGFIHaIK,0
18077,MKHt-KlX-cfm2OQecamBddy2RGFIHaIK,0
31021,MKHt-KlX-cfm2OQecamBddy2RGFIHaIK,0
29903,MKHt-KlX-cfm2OQecamBddy2RGFIHaIK,0
8130,MKHt-KlX-cfm2OQecamBddy2RGFIHaIK,0
1030,MKHt-KlX-cfm2OQecamBddy2RGFIHaIK,0
44142,MKHt-KlX-cfm2OQecamBddy2RGFIHaIK,0
20006,MKHt-KlX-cfm2OQecamBddy2RGFIHaIK,0
8257,MKHt-KlX-cfm2OQecamBddy2RGFIHaIK,0
8115,MKHt-KlX-cfm2OQecamBddy2RGFIHaIK,0
42196,MKHt-KlX-cfm2OQecamBddy2RGFIHaIK,0
9184,MKHt-KlX-cfm2OQecamBddy2RGFIHaIK,0
36902,MKHt-KlX-cfm2OQecamBddy2RGFIHaIK,0
41101,MKHt-KlX-cfm2OQecamBddy2RGFIHaIK,0
25201,MKHt-KlX-cfm2OQecamBddy2RGFIHaIK,0
25161,MKHt-KlX-cfm2OQecamBddy2RGFIHaIK,0
8111,MKHt-KlX-cfm2OQecamBddy2RGFIHaIK,0
17096,MKHt-KlX-cfm2OQecamBddy2RGFIHaIK,0
25001,MKHt-KlX-cfm2OQecamBddy2RGFIHaIK,0
42016,MKHt-KlX-cfm2OQecamBddy2RGFIHaIK,0
26104,MKHt-KlX-cfm2OQecamBddy2RGFIHaIK,0
31099,MKHt-KlX-cfm2OQecamBddy2RGFIHaIK,0
41904,MKHt-KlX-cfm2OQecamBddy2RGFIHaIK,0
8256,MKHt-KlX-cfm2OQecamBddy2RGFIHaIK,0
9430,MKHt-KlX-cfm2OQecamBddy2RGFIHaIK,0
20041,MKHt-KlX-cfm2OQecamBddy2RGFIHaIK,0
45080,MKHt-KlX-cfm2OQecamBddy2RGFIHaIK,0
11903,MKHt-KlX-cfm2OQecamBddy2RGFIHaIK,0
17176,MKHt-KlX-cfm2OQecamBddy2RGFIHaIK,0
31054,MKHt-KlX-cfm2OQecamBddy2RGFIHaIK,0
8275,MKHt-KlX-cfm2OQecamBddy2RGFIHaIK,0
